student_id,name,reg_no,degree,year,gpa,grade_programming,grade_math,grade_database,grade_networking,grade_systems,grade_design,interest_software,interest_data,interest_security,interest_cloud,interest_design,career_track,skill_oop,skill_dsa,skill_web_api,skill_testing,skill_git,skill_python_data,skill_ml,skill_visualization,skill_sql,skill_statistics,skill_network_sec,skill_cryptography,skill_linux,skill_vuln_assess,skill_secure_code,skill_docker,skill_cicd,skill_cloud_infra,skill_iac,skill_monitoring,skill_user_research,skill_figma,skill_design_principles,skill_frontend,skill_design_systems
STU_1513,Praveen Alwis,D/CS/22/1513,BSc (Hons) in Computer Science,3,3.14,3.23,3.2,3.73,3.3,2.7,2.65,5,3,4,3,3,Software Engineering,2,3,1,2,0,0,0,0,3,1,2,0,1,0,2,1,0,1,0,0,1,3,0,2,1
STU_1358,Methmi Silva,D/CS/23/1358,BSc (Hons) in Computer Science,2,3.21,3.53,3.38,3.42,3.07,3.03,2.84,3,3,3,4,1,Software Engineering,0,1,1,1,2,0,1,2,0,0,0,0,2,1,1,1,0,1,1,1,0,1,0,1,0
STU_1111,Nimal Fernando,D/IT/23/1111,BSc (Hons) in Information Technology,2,2.75,2.49,3.0,2.79,2.76,3.59,1.88,3,1,3,4,3,Cloud / DevOps,0,1,1,0,1,1,1,0,1,0,0,2,2,0,1,1,2,0,0,1,1,1,0,0,0
STU_1685,Kasun Dissanayake,D/CS/21/1685,BSc (Hons) in Computer Science,4,3.24,3.11,3.58,3.34,3.24,2.96,3.19,5,4,2,5,2,Software Engineering,2,1,0,2,3,1,1,1,3,0,0,1,2,1,2,0,0,1,1,0,1,0,1,2,0
STU_1040,Amal Rathnayake,D/SE/23/1040,BSc (Hons) in Software Engineering,2,2.77,2.78,1.91,2.84,3.16,3.35,2.57,2,3,3,4,1,Cloud / DevOps,0,0,2,0,1,0,0,1,2,2,1,0,2,0,0,2,0,3,1,1,1,2,1,1,0
STU_1067,Shanika Gamage,D/IT/22/1067,BSc (Hons) in Information Technology,3,3.22,3.59,3.27,2.57,4.0,3.13,2.77,3,4,5,5,2,Cloud / DevOps,2,1,2,0,3,1,1,2,1,1,0,0,2,3,2,2,2,2,3,2,0,0,1,1,0
STU_1757,Methmi Herath,D/SE/23/1757,BSc (Hons) in Software Engineering,2,2.86,3.04,2.59,2.43,2.92,3.76,2.41,3,1,3,5,4,Cloud / DevOps,2,1,1,1,3,1,1,1,1,0,1,0,0,1,0,3,2,1,1,1,0,0,2,0,1
STU_1261,Oshada Mendis,D/CS/23/1261,BSc (Hons) in Computer Science,2,2.9,2.91,2.4,3.27,2.72,2.78,3.33,4,3,2,3,3,Software Engineering,1,1,1,0,1,1,0,0,1,2,1,1,3,0,1,1,1,0,0,1,0,2,0,1,0
STU_1791,Sewwandi Gamage,D/DBA/21/1791,BSc (Hons) in Data Science & Business Analytics,4,3.41,4.0,3.7,3.88,3.54,2.58,2.74,2,2,2,2,1,Data Science / AI,1,1,1,1,1,3,3,2,1,2,1,0,3,0,1,0,0,0,0,3,1,1,2,0,0
STU_1468,Minoli Perera,D/SE/21/1468,BSc (Hons) in Software Engineering,4,3.0,3.01,3.47,3.0,2.54,2.98,2.99,5,1,3,3,2,Software Engineering,3,1,2,2,2,1,0,0,0,0,0,2,2,0,3,1,0,0,0,0,1,0,2,3,0
STU_1706,Sahan Bandara,D/CE/23/1706,BSc (Hons) in Computer Engineering,2,3.37,3.27,2.79,3.25,4.0,3.23,3.69,3,1,4,3,2,Cloud / DevOps,1,0,0,0,2,1,2,0,3,0,1,0,0,1,1,2,1,2,1,0,2,1,3,0,2
STU_1448,Ravindu Silva,D/SE/24/1448,BSc (Hons) in Software Engineering,1,2.41,2.3,2.65,2.64,2.09,2.67,2.1,3,2,2,3,3,Software Engineering,1,2,3,1,1,1,1,0,1,2,0,2,3,0,2,0,1,1,0,1,1,0,0,0,1
STU_1707,Oshada Fonseka,D/SE/21/1707,BSc (Hons) in Software Engineering,4,3.05,3.42,2.98,2.74,3.29,3.67,2.18,2,2,4,5,2,Cloud / DevOps,0,0,0,1,2,2,0,0,2,0,2,0,1,0,0,0,2,1,0,1,0,0,0,1,1
STU_1634,Chathuri Bandara,D/SE/23/1634,BSc (Hons) in Software Engineering,2,2.36,2.12,1.89,2.27,2.78,2.85,2.24,3,3,5,3,1,Cybersecurity,1,1,1,2,1,0,0,0,1,2,1,1,2,2,1,0,0,0,1,1,1,2,1,3,2
STU_1210,Hasitha Mendis,D/DBA/21/1210,BSc (Hons) in Data Science & Business Analytics,4,3.69,3.71,3.83,4.0,3.88,2.8,3.92,3,5,1,3,3,Software Engineering,2,1,0,3,1,0,0,0,3,0,2,0,1,0,2,1,2,1,0,1,2,0,0,2,0
STU_1552,Nuwan Cooray,D/CS/23/1552,BSc (Hons) in Computer Science,2,2.94,2.71,3.81,3.01,2.35,3.08,2.7,4,4,3,2,1,Data Science / AI,1,0,1,0,2,0,2,1,2,1,1,2,0,0,1,1,0,0,0,0,0,1,0,1,2
STU_1293,Akila Herath,D/DBA/23/1293,BSc (Hons) in Data Science & Business Analytics,2,3.12,3.49,3.12,3.03,3.53,3.16,2.38,4,4,2,2,3,Data Science / AI,1,3,1,2,3,2,1,0,0,1,0,0,1,0,0,0,0,1,1,0,1,1,0,1,2
STU_1068,Buddhika Karunaratne,D/CE/24/1068,BSc (Hons) in Computer Engineering,1,3.24,3.51,3.42,2.82,2.85,3.35,3.45,4,3,2,3,4,Software Engineering,1,0,2,0,1,0,2,1,2,0,1,1,2,2,0,1,0,1,0,0,0,1,0,2,0
STU_1450,Vihan Dissanayake,D/IS/21/1450,BSc (Hons) in Information Systems,4,3.6,3.45,3.66,4.0,3.35,3.56,3.57,4,4,2,4,2,Data Science / AI,2,1,1,0,2,2,0,1,3,3,0,0,0,2,1,2,2,0,0,0,0,0,0,1,0
STU_1529,Chamari Tharumila,D/SE/22/1529,BSc (Hons) in Software Engineering,3,3.11,3.35,3.15,3.25,2.55,3.68,2.66,3,1,3,4,1,Cloud / DevOps,1,0,2,2,2,2,2,0,0,0,1,0,2,1,0,3,1,3,1,1,0,3,0,1,2
STU_1301,Akila Alwis,D/CE/22/1301,BSc (Hons) in Computer Engineering,3,2.99,2.91,2.63,2.76,4.0,2.59,3.08,3,2,5,1,1,Cybersecurity,1,0,1,0,0,0,0,2,0,0,2,2,0,0,3,1,0,0,0,0,1,2,0,2,0
STU_1351,Ravindu Fernando,D/DBA/23/1351,BSc (Hons) in Data Science & Business Analytics,2,3.48,3.53,4.0,3.16,3.24,4.0,2.95,3,2,4,3,2,Cloud / DevOps,1,2,0,1,1,0,1,1,1,1,0,0,0,1,1,0,1,0,3,2,0,0,0,1,1
STU_1245,Anushka Rajapaksha,D/IT/21/1245,BSc (Hons) in Information Technology,4,2.41,1.94,2.17,2.11,3.81,2.83,1.59,1,2,2,5,2,Cloud / DevOps,0,0,2,2,2,1,3,3,2,1,0,1,2,2,0,2,2,2,1,2,1,1,0,1,0
STU_1219,Supun Rajapaksha,D/CS/22/1219,BSc (Hons) in Computer Science,3,2.93,3.55,2.39,3.01,2.91,2.53,3.17,3,3,2,2,3,Software Engineering,2,1,1,2,2,2,0,2,3,2,0,0,0,1,2,0,0,0,1,0,1,1,0,2,1
STU_1435,Rashmi Senaratne,D/CS/21/1435,BSc (Hons) in Computer Science,4,2.82,3.04,3.46,2.47,2.14,2.86,2.98,3,3,2,4,1,Data Science / AI,0,0,1,2,2,1,2,1,1,2,2,1,0,1,0,0,2,2,0,0,0,1,2,0,0
STU_1637,Praveen Bandara,D/CE/23/1637,BSc (Hons) in Computer Engineering,2,2.7,2.4,3.03,3.41,2.08,2.25,3.02,5,4,2,3,1,Software Engineering,1,1,0,1,2,0,1,1,1,1,0,1,2,1,1,0,1,0,0,0,1,1,3,0,0
STU_1228,Sanduni Fonseka,D/CS/24/1228,BSc (Hons) in Computer Science,1,3.66,4.0,3.99,3.62,3.64,3.62,3.1,3,4,2,2,1,Data Science / AI,1,0,0,3,3,1,1,1,1,1,1,0,1,0,0,0,1,1,1,0,1,0,0,1,0
STU_1534,Dulan Senaratne,D/DBA/23/1534,BSc (Hons) in Data Science & Business Analytics,2,2.71,3.34,2.55,2.85,2.08,2.76,2.67,4,4,1,2,2,Software Engineering,1,1,2,1,1,1,1,1,3,1,0,1,1,0,1,0,0,0,0,2,2,1,2,0,2
STU_1303,Praveen Peiris,D/SE/24/1303,BSc (Hons) in Software Engineering,1,2.09,1.85,2.2,1.96,2.28,2.27,1.99,4,2,1,2,4,UI/UX Design,1,0,1,0,3,2,1,0,0,0,0,0,3,0,1,1,2,0,0,1,2,3,2,1,1
STU_1697,Shanika Rajapaksha,D/SE/23/1697,BSc (Hons) in Software Engineering,2,2.66,2.04,2.85,2.5,2.32,3.24,3.03,3,3,3,2,4,UI/UX Design,0,0,0,0,3,0,3,2,2,2,1,1,1,0,2,0,0,1,1,1,0,1,1,3,0
STU_1732,Akila Herath,D/CE/23/1732,BSc (Hons) in Computer Engineering,2,2.97,2.59,2.6,3.36,3.29,3.15,2.82,3,3,4,5,3,Cloud / DevOps,1,0,2,2,1,1,0,2,0,1,2,0,3,2,2,1,1,2,1,0,2,1,0,0,1
STU_1315,Fathima Perera,D/CE/23/1315,BSc (Hons) in Computer Engineering,2,3.05,2.47,3.56,2.67,3.5,3.17,2.94,2,3,3,2,3,Cybersecurity,1,1,0,0,0,1,0,0,1,0,0,3,0,2,1,1,1,0,2,0,1,0,3,1,2
STU_1837,Sewwandi Fernando,D/IS/24/1837,BSc (Hons) in Information Systems,1,2.93,2.89,2.55,3.44,2.96,3.48,2.25,2,1,4,5,1,Cybersecurity,2,0,2,0,2,0,2,1,1,0,3,2,1,0,2,3,0,2,0,2,1,0,0,1,1
STU_1614,Fathima Silva,D/IS/21/1614,BSc (Hons) in Information Systems,4,3.14,3.59,3.35,3.64,2.92,2.35,3.0,3,2,1,1,2,Software Engineering,3,2,2,2,1,1,1,0,1,1,0,1,1,0,1,1,0,0,0,2,3,1,3,1,3
STU_1236,Shanika Ahamad,D/IS/23/1236,BSc (Hons) in Information Systems,2,2.5,2.13,2.68,2.68,1.8,2.76,2.93,3,1,1,2,3,UI/UX Design,0,0,0,0,0,1,1,3,0,0,0,0,1,2,1,0,0,2,0,0,3,2,2,1,1
STU_1622,Akila Abeysekara,D/CS/22/1622,BSc (Hons) in Computer Science,3,2.91,3.0,2.24,2.5,3.16,3.84,2.7,2,2,4,5,2,Cybersecurity,1,0,0,1,0,0,0,0,3,1,1,2,2,1,1,1,0,0,0,0,1,1,1,1,2
STU_1478,Methmi Wijesinghe,D/IS/23/1478,BSc (Hons) in Information Systems,2,2.52,2.34,2.49,2.23,2.6,2.85,2.62,3,1,5,2,1,Cybersecurity,2,0,0,0,1,2,2,0,0,0,2,0,0,1,1,0,0,0,0,3,0,0,2,2,0
STU_1746,Tharindu Liyanage,D/IT/21/1746,BSc (Hons) in Information Technology,4,3.15,2.39,3.4,3.19,3.61,2.69,3.63,3,1,3,4,3,Cloud / DevOps,1,0,3,0,2,0,1,0,0,0,0,0,1,3,1,2,1,2,1,3,0,1,0,3,0
STU_1197,Vihan Wickramasinghe,D/CS/22/1197,BSc (Hons) in Computer Science,3,3.78,4.0,4.0,4.0,4.0,3.34,3.35,2,4,3,1,1,Data Science / AI,2,0,0,1,1,2,2,3,2,0,0,1,1,0,0,0,0,0,0,0,0,0,1,0,0
STU_1031,Kavindu Wijesinghe,D/IT/23/1031,BSc (Hons) in Information Technology,2,3.34,3.36,3.65,2.91,3.93,3.43,2.78,3,3,3,5,3,Cybersecurity,2,0,1,2,0,0,3,0,2,0,1,2,1,1,1,1,0,0,2,0,1,0,1,0,2
STU_1815,Chathuri Bandara,D/SE/22/1815,BSc (Hons) in Software Engineering,3,2.38,2.31,1.43,2.64,2.91,1.9,3.1,3,3,3,1,5,UI/UX Design,1,0,2,1,2,2,2,3,0,1,1,1,1,1,0,1,1,0,0,1,2,2,3,3,1
STU_1079,Methmi Cooray,D/SE/22/1079,BSc (Hons) in Software Engineering,3,3.42,2.73,3.93,3.02,3.5,3.72,3.61,4,2,4,4,2,Cloud / DevOps,1,0,1,1,1,2,1,1,1,0,0,0,1,1,2,3,2,1,3,3,0,1,0,1,3
STU_1138,Kavindi Abeysekara,D/IS/24/1138,BSc (Hons) in Information Systems,1,3.02,2.68,3.52,2.84,2.35,3.77,2.94,5,3,2,2,2,Software Engineering,1,1,1,1,0,0,1,1,1,0,0,2,1,0,0,1,1,0,0,0,1,2,1,2,0
STU_1209,Sanduni Abeysekara,D/SE/23/1209,BSc (Hons) in Software Engineering,2,3.44,2.95,3.81,3.94,4.0,3.87,2.09,2,2,2,4,2,Cloud / DevOps,0,0,2,0,1,0,1,0,1,0,1,1,2,0,0,1,0,1,1,1,1,0,1,0,0
STU_1742,Sewwandi Herath,D/IT/22/1742,BSc (Hons) in Information Technology,3,3.07,3.21,1.68,3.47,3.88,2.84,3.36,5,1,3,4,1,Cloud / DevOps,2,0,1,0,2,0,0,1,0,0,0,2,1,0,2,1,2,1,1,2,2,0,1,1,0
STU_1307,Dulan Ahamad,D/IS/22/1307,BSc (Hons) in Information Systems,3,3.85,4.0,3.87,4.0,3.22,4.0,4.0,5,3,2,2,2,Software Engineering,0,3,1,2,2,0,2,0,1,2,2,0,0,0,1,3,1,0,2,0,0,2,2,3,0
STU_1596,Ravindu Gunawardena,D/IT/22/1596,BSc (Hons) in Information Technology,3,2.55,3.2,3.33,2.4,2.12,1.67,2.57,5,3,2,3,2,Data Science / AI,2,0,0,1,3,2,2,2,2,3,0,1,0,0,1,0,1,0,1,0,1,1,3,2,0
STU_1627,Kavindi Gamage,D/IS/23/1627,BSc (Hons) in Information Systems,2,3.27,3.53,3.48,4.0,3.08,3.14,2.39,5,2,1,1,3,Software Engineering,3,2,1,3,1,0,1,0,1,2,1,0,1,0,1,0,0,1,1,0,0,0,0,1,0
STU_1766,Akila Tharumila,D/IS/22/1766,BSc (Hons) in Information Systems,3,2.64,2.3,2.7,2.88,3.29,2.68,2.0,2,3,4,5,2,Cybersecurity,0,1,2,0,2,1,2,0,1,0,2,2,3,2,2,2,0,1,1,0,0,0,0,0,3
STU_1768,Sahan Karunaratne,D/SE/24/1768,BSc (Hons) in Software Engineering,1,3.03,2.67,3.61,3.66,3.21,2.23,2.76,4,2,1,5,2,Software Engineering,1,0,1,3,2,1,1,0,1,0,0,1,1,0,1,0,1,0,0,1,0,0,1,0,1
STU_1024,Minoli Rajapaksha,D/IT/22/1024,BSc (Hons) in Information Technology,3,3.35,2.92,3.94,3.61,2.17,3.75,3.71,2,3,3,4,3,Software Engineering,2,2,3,2,2,3,0,0,2,2,0,0,0,0,0,0,1,0,0,0,0,1,1,0,0
STU_1276,Shanika Fonseka,D/IS/24/1276,BSc (Hons) in Information Systems,1,2.73,2.5,2.74,3.12,2.83,2.49,2.69,1,2,3,4,1,Cloud / DevOps,2,0,0,0,2,1,1,0,2,2,0,0,2,1,1,3,1,1,2,1,3,0,1,1,0
STU_1758,Aqeel Gamage,D/DBA/22/1758,BSc (Hons) in Data Science & Business Analytics,3,3.39,3.92,3.14,3.55,3.33,2.7,3.69,3,1,4,4,2,Software Engineering,3,3,1,2,3,1,0,0,2,0,0,1,1,1,1,0,1,2,0,0,0,1,2,2,1
STU_1841,Dulan Gamage,D/CS/23/1841,BSc (Hons) in Computer Science,2,3.55,4.0,3.91,3.68,2.74,3.11,3.86,3,4,3,3,2,Data Science / AI,0,1,0,0,1,1,0,1,3,2,0,0,1,0,3,3,0,0,2,1,0,0,0,2,0
STU_1193,Supun Perera,D/DBA/22/1193,BSc (Hons) in Data Science & Business Analytics,3,3.18,4.0,3.49,2.49,2.84,3.57,2.67,4,2,4,5,2,Software Engineering,0,2,3,3,1,2,1,2,2,1,2,2,1,0,2,0,0,0,2,0,1,0,0,0,0
STU_1666,Supun Ahamad,D/DBA/24/1666,BSc (Hons) in Data Science & Business Analytics,1,3.24,3.07,2.93,3.56,3.47,3.48,2.9,3,4,2,5,3,Cloud / DevOps,1,0,1,1,1,0,0,1,1,1,0,1,0,1,1,1,1,2,1,2,2,1,1,1,1
STU_1507,Praveen Wijesinghe,D/CS/22/1507,BSc (Hons) in Computer Science,3,3.56,4.0,3.23,3.44,3.97,3.74,2.99,5,3,2,5,3,Software Engineering,3,3,2,2,2,1,2,0,3,1,0,1,1,0,3,0,1,1,2,2,1,1,0,2,2
STU_1418,Amal Liyanage,D/IT/22/1418,BSc (Hons) in Information Technology,3,3.38,3.75,2.98,3.71,3.6,3.8,2.44,2,1,3,3,1,Cybersecurity,3,0,1,1,2,0,0,1,1,0,2,2,2,2,2,0,0,0,1,1,1,1,0,0,0
STU_1368,Rashmi Senaratne,D/SE/23/1368,BSc (Hons) in Software Engineering,2,2.78,3.0,2.61,3.33,2.3,2.18,3.27,2,2,2,2,3,UI/UX Design,0,0,0,1,2,1,0,1,1,1,0,2,1,0,0,2,0,2,0,0,2,0,1,1,2
STU_1673,Anushka Herath,D/IS/23/1673,BSc (Hons) in Information Systems,2,2.68,3.09,3.17,2.47,3.19,1.68,2.47,3,4,3,1,1,Data Science / AI,2,1,0,0,1,0,1,2,0,1,1,0,0,0,0,1,0,0,0,1,0,1,1,0,1
STU_1121,Dinithi Rathnayake,D/SE/22/1121,BSc (Hons) in Software Engineering,3,2.37,2.44,2.46,3.03,2.43,2.1,1.78,4,2,2,3,3,Software Engineering,2,3,0,3,3,0,0,2,2,0,0,0,2,1,3,0,1,1,0,0,3,2,0,2,0
STU_1431,Dulan Karunaratne,D/IS/22/1431,BSc (Hons) in Information Systems,3,3.21,3.71,3.33,3.3,3.08,2.48,3.35,2,1,3,1,4,UI/UX Design,0,1,1,2,0,1,1,1,2,1,0,1,1,0,0,2,0,0,1,1,2,0,2,2,2
STU_1733,Sanduni Fernando,D/CS/24/1733,BSc (Hons) in Computer Science,1,2.74,2.85,1.63,3.63,3.0,2.55,2.8,3,5,3,2,3,Data Science / AI,1,0,0,0,0,0,1,2,2,3,0,1,2,1,0,0,2,0,0,0,2,0,1,0,1
STU_1849,Maleesha Fernando,D/SE/24/1849,BSc (Hons) in Software Engineering,1,2.5,3.13,2.52,3.5,1.72,1.95,2.19,5,2,1,3,2,Software Engineering,1,3,1,3,2,1,1,1,0,0,0,0,1,0,0,0,2,1,1,0,0,0,0,1,1
STU_1553,Nuwan Karunaratne,D/IS/21/1553,BSc (Hons) in Information Systems,4,2.79,2.7,2.2,2.11,3.07,2.89,3.76,2,1,2,3,4,UI/UX Design,0,1,0,0,2,1,0,2,3,1,0,1,1,1,0,0,1,0,0,2,3,2,2,2,2
STU_1332,Nimal Bandara,D/DBA/21/1332,BSc (Hons) in Data Science & Business Analytics,4,2.14,2.7,3.1,2.3,1.5,1.89,1.34,4,3,2,3,3,Software Engineering,1,2,3,2,1,0,1,0,2,1,0,0,0,3,2,2,0,1,0,0,1,1,1,3,0
STU_1381,Hasitha Herath,D/IT/22/1381,BSc (Hons) in Information Technology,3,2.51,2.88,2.64,2.8,2.93,2.23,1.56,3,3,2,4,1,Data Science / AI,1,3,0,2,1,3,2,3,2,3,1,1,2,1,1,0,2,0,1,0,0,1,1,0,0
STU_1650,Dulan Wickramasinghe,D/IT/22/1650,BSc (Hons) in Information Technology,3,3.39,3.27,3.27,3.48,3.9,3.49,2.91,1,3,5,5,1,Cybersecurity,1,0,1,0,2,0,1,0,1,0,2,3,3,2,2,0,0,0,2,0,0,0,0,0,1
STU_1266,Kavinda Tharumila,D/CE/22/1266,BSc (Hons) in Computer Engineering,3,2.63,3.7,2.25,3.1,2.64,1.83,2.29,5,2,2,4,3,Software Engineering,3,1,3,2,2,1,0,0,3,1,0,0,1,2,1,1,0,0,0,2,0,1,0,3,1
STU_1212,Akila Peiris,D/CE/22/1212,BSc (Hons) in Computer Engineering,3,3.02,3.25,2.8,2.71,4.0,2.79,2.56,3,3,5,5,3,Cloud / DevOps,1,0,2,1,1,1,0,1,1,0,1,0,1,2,0,1,0,1,1,0,1,0,1,0,0
STU_1087,Dinithi Wickramasinghe,D/IT/23/1087,BSc (Hons) in Information Technology,2,2.69,2.99,3.19,2.92,2.25,2.46,2.35,3,3,2,2,3,Data Science / AI,3,1,0,0,1,2,2,1,1,0,1,0,1,1,2,0,0,1,1,0,2,2,0,0,0
STU_1759,Ravindu Rajapaksha,D/SE/21/1759,BSc (Hons) in Software Engineering,4,2.47,2.82,2.79,2.09,2.32,2.2,2.62,4,4,1,3,3,Software Engineering,2,2,2,2,0,0,1,1,2,1,2,3,2,0,1,0,1,3,0,1,3,1,1,1,0
STU_1064,Sahan Wickramasinghe,D/CS/23/1064,BSc (Hons) in Computer Science,2,3.24,3.16,3.62,3.34,2.62,3.12,3.55,3,5,1,1,2,Data Science / AI,1,1,0,0,0,1,3,1,1,1,0,2,2,0,0,0,0,1,0,0,0,2,3,0,1
STU_1680,Praveen Wijesinghe,D/CS/23/1680,BSc (Hons) in Computer Science,2,3.64,3.64,3.42,3.32,4.0,3.8,3.66,3,3,4,5,2,Cybersecurity,0,1,0,0,0,2,0,2,3,2,2,2,1,0,1,0,0,1,1,2,1,1,0,0,2
STU_1618,Kasun Jayasinghe,D/DBA/23/1618,BSc (Hons) in Data Science & Business Analytics,2,3.3,3.41,3.32,3.92,3.38,3.0,2.77,4,4,1,1,2,Data Science / AI,2,1,0,0,1,1,2,1,1,2,1,1,1,2,0,0,0,1,0,0,3,2,3,0,2
STU_1364,Kavinda Abeysekara,D/IS/23/1364,BSc (Hons) in Information Systems,2,3.6,3.88,3.02,3.52,3.96,4.0,3.24,2,2,4,4,2,Cybersecurity,2,1,0,3,3,0,2,0,2,0,3,0,1,1,1,1,0,1,3,1,2,0,0,0,0
STU_1066,Kavindi Gunawardena,D/SE/22/1066,BSc (Hons) in Software Engineering,3,3.29,3.1,1.93,3.94,3.18,3.56,4.0,5,1,2,3,3,UI/UX Design,0,0,0,0,3,0,0,1,2,1,0,1,1,2,1,0,0,0,0,3,2,1,3,2,1
STU_1486,Shanika Bandara,D/SE/21/1486,BSc (Hons) in Software Engineering,4,3.1,3.75,3.14,3.36,2.51,3.0,2.86,4,5,3,3,2,Data Science / AI,2,0,1,1,2,2,2,2,3,3,0,0,1,2,0,1,0,0,0,2,2,0,1,0,1
STU_1484,Fathima Tharumila,D/CS/23/1484,BSc (Hons) in Computer Science,2,2.97,2.71,2.41,2.72,3.58,3.67,2.72,2,1,3,4,3,Cloud / DevOps,2,0,1,0,0,2,0,0,3,1,0,3,0,1,0,1,1,1,1,1,1,2,0,0,1
STU_1267,Fathima Jayasinghe,D/IT/22/1267,BSc (Hons) in Information Technology,3,3.53,3.33,2.93,3.78,3.94,4.0,3.18,2,3,3,4,2,Cloud / DevOps,0,1,3,1,1,0,0,1,1,3,0,0,2,1,2,3,2,2,3,2,0,0,0,1,0
STU_1847,Tharindu Jayasinghe,D/CE/22/1847,BSc (Hons) in Computer Engineering,3,3.56,4.0,3.4,3.88,3.34,3.62,3.14,4,3,3,4,3,Software Engineering,3,1,3,2,0,0,0,1,2,0,1,2,1,2,3,0,1,2,0,3,0,1,1,3,1
STU_1281,Minoli Cooray,D/IT/22/1281,BSc (Hons) in Information Technology,3,3.36,3.02,2.63,3.39,4.0,3.7,3.43,5,1,1,4,1,Cloud / DevOps,2,0,2,0,2,0,1,0,2,1,0,0,2,0,1,3,1,2,3,2,1,0,0,1,1
STU_1140,Hasitha Karunaratne,D/SE/21/1140,BSc (Hons) in Software Engineering,4,3.32,3.82,3.73,2.96,2.69,4.0,2.73,3,2,2,3,2,Software Engineering,1,1,3,0,2,0,2,0,3,1,0,2,1,0,3,2,0,0,1,1,2,1,0,3,0
STU_1496,Dinithi Jayasinghe,D/CE/22/1496,BSc (Hons) in Computer Engineering,3,2.27,2.43,1.45,2.89,2.34,1.98,2.55,4,5,1,4,2,Software Engineering,2,0,2,3,3,0,1,1,2,1,0,0,2,0,2,0,1,0,0,1,0,2,0,2,0
STU_1097,Buddhika Bandara,D/IT/23/1097,BSc (Hons) in Information Technology,2,2.24,2.19,1.81,2.22,2.03,3.15,2.06,4,3,2,3,1,Software Engineering,1,1,1,1,0,0,0,1,1,0,1,1,2,1,1,1,1,0,1,2,0,0,0,0,0
STU_1540,Sachini Mendis,D/CE/24/1540,BSc (Hons) in Computer Engineering,1,2.4,2.12,1.82,2.48,2.91,2.76,2.31,2,3,4,3,1,Cybersecurity,2,0,0,0,2,1,2,0,2,1,1,3,1,3,2,0,1,0,1,1,1,0,1,0,0
STU_1050,Kasun Gunawardena,D/SE/24/1050,BSc (Hons) in Software Engineering,1,2.93,3.38,2.69,3.03,2.46,3.29,2.75,4,4,2,4,3,Software Engineering,0,0,1,1,1,0,0,0,2,0,0,0,0,2,0,1,3,1,1,1,3,1,1,1,1
STU_1830,Sewwandi Jayasinghe,D/CS/23/1830,BSc (Hons) in Computer Science,2,2.36,2.35,2.54,2.63,2.13,2.74,1.75,4,3,3,2,3,Software Engineering,2,1,0,1,1,0,0,0,1,0,0,0,0,0,3,2,1,0,1,1,0,2,3,2,0
STU_1803,Kasun Cooray,D/DBA/21/1803,BSc (Hons) in Data Science & Business Analytics,4,2.88,2.31,2.44,3.64,2.83,2.98,3.1,2,2,1,1,4,UI/UX Design,1,1,2,0,2,0,1,0,2,0,1,0,1,2,0,0,1,1,0,0,1,1,1,3,3
STU_1698,Sachini Wickramasinghe,D/SE/24/1698,BSc (Hons) in Software Engineering,1,3.3,3.23,3.49,3.3,3.45,3.18,3.17,4,4,2,3,3,Software Engineering,1,3,1,1,1,0,1,0,2,1,1,0,3,1,0,1,0,0,1,1,0,0,2,1,0
STU_1430,Dinithi Abeysekara,D/IT/23/1430,BSc (Hons) in Information Technology,2,2.79,3.8,3.15,2.11,2.8,2.84,2.05,2,2,3,3,2,Cybersecurity,0,0,3,1,1,2,0,3,1,0,1,1,1,1,1,0,0,2,2,3,1,1,1,0,0
STU_1651,Dilshan Fonseka,D/CE/23/1651,BSc (Hons) in Computer Engineering,2,2.5,2.78,2.75,1.99,2.82,2.41,2.25,1,1,4,3,1,Cybersecurity,2,0,0,0,1,1,2,1,2,0,2,1,1,2,2,0,1,0,2,0,0,1,1,1,1
STU_1846,Senuri Karunaratne,D/IT/22/1846,BSc (Hons) in Information Technology,3,2.47,2.72,2.25,3.03,2.47,2.71,1.65,3,3,4,3,2,Cybersecurity,2,0,0,0,2,0,1,0,2,0,2,1,3,2,1,0,0,0,1,0,2,0,1,0,0
STU_1750,Sewwandi Rajapaksha,D/IT/24/1750,BSc (Hons) in Information Technology,1,3.34,3.06,3.37,3.15,4.0,3.1,3.37,1,2,4,3,2,Cybersecurity,0,1,1,0,1,2,1,2,2,0,0,2,1,0,1,1,1,0,0,2,2,0,1,0,0
STU_1034,Ishara Bandara,D/SE/22/1034,BSc (Hons) in Software Engineering,3,2.27,2.31,3.36,2.45,1.94,1.53,2.03,3,4,3,2,5,Software Engineering,2,3,2,2,0,0,0,0,2,1,1,1,2,1,3,0,0,0,1,2,0,2,0,3,0
STU_1032,Kavindu Karunaratne,D/DBA/23/1032,BSc (Hons) in Data Science & Business Analytics,2,3.73,3.93,4.0,3.61,3.85,3.72,3.27,2,5,1,3,1,Data Science / AI,2,1,0,2,1,1,0,3,0,1,0,1,0,0,0,0,1,1,0,0,1,0,0,3,1
STU_1737,Kavindu Wickramasinghe,D/IT/23/1737,BSc (Hons) in Information Technology,2,1.92,2.02,1.79,2.07,1.7,2.01,1.94,2,1,1,2,3,UI/UX Design,1,1,1,0,3,1,0,0,0,0,0,0,2,0,0,0,2,0,0,0,1,1,2,1,0
STU_1339,Maleesha Wijesinghe,D/CS/24/1339,BSc (Hons) in Computer Science,1,2.43,2.36,2.39,2.58,2.47,2.74,2.05,3,1,4,5,1,Cybersecurity,1,0,0,0,1,2,0,2,0,0,0,1,0,1,1,0,1,2,0,1,1,0,2,2,0
STU_1363,Senuri Fonseka,D/DBA/23/1363,BSc (Hons) in Data Science & Business Analytics,2,2.95,3.23,3.47,3.15,2.54,2.58,2.72,3,4,1,2,1,Data Science / AI,2,1,1,0,0,0,2,1,1,1,1,1,1,0,0,1,1,1,2,3,0,0,0,0,1
STU_1077,Chamari Gamage,D/DBA/22/1077,BSc (Hons) in Data Science & Business Analytics,3,2.6,2.76,2.45,2.14,2.91,2.46,2.87,3,2,4,4,1,Cloud / DevOps,2,0,2,0,3,1,1,2,2,2,2,1,2,0,0,2,1,1,3,3,2,0,0,0,0
STU_1683,Sanduni Herath,D/CS/22/1683,BSc (Hons) in Computer Science,3,2.96,3.19,3.43,3.07,2.27,3.22,2.58,2,4,1,2,2,Data Science / AI,3,1,1,2,2,3,2,2,2,1,1,0,0,0,0,2,3,0,0,0,1,0,2,1,2
STU_1717,Nimal Bandara,D/IT/23/1717,BSc (Hons) in Information Technology,2,3.05,2.26,2.66,2.94,3.39,3.79,3.26,1,2,4,4,2,Cybersecurity,0,1,0,1,1,0,0,0,1,0,1,0,0,1,1,0,1,1,2,1,1,0,1,1,1
STU_1519,Kasun Cooray,D/CE/23/1519,BSc (Hons) in Computer Engineering,2,2.68,2.68,2.79,2.56,2.49,3.15,2.43,1,1,5,3,2,Cybersecurity,0,1,0,2,0,1,0,0,2,0,2,1,1,2,1,1,1,2,0,1,0,0,0,1,0
STU_1073,Amal Dissanayake,D/CE/22/1073,BSc (Hons) in Computer Engineering,3,3.29,3.77,4.0,2.97,3.17,2.66,3.15,3,3,2,4,3,Software Engineering,2,1,1,0,1,2,0,0,1,0,0,1,0,0,2,0,0,2,1,1,0,0,1,2,1
STU_1078,Amal Ahamad,D/SE/21/1078,BSc (Hons) in Software Engineering,4,2.52,2.37,2.38,2.68,2.43,2.79,2.47,1,2,2,3,5,UI/UX Design,0,1,1,2,2,0,1,2,1,0,0,2,1,2,0,2,1,0,2,0,3,2,0,2,3
STU_1743,Maleesha Rathnayake,D/CS/23/1743,BSc (Hons) in Computer Science,2,3.25,2.81,3.02,3.21,4.0,4.0,2.47,3,3,4,4,2,Cloud / DevOps,2,0,1,0,0,2,0,1,2,2,1,1,1,1,0,3,0,1,1,2,1,0,0,0,0
STU_1693,Aqeel Herath,D/CE/21/1693,BSc (Hons) in Computer Engineering,4,3.3,3.07,2.76,3.42,2.91,3.83,3.83,1,2,3,3,2,Cybersecurity,0,0,0,2,1,2,1,1,1,2,1,1,1,2,1,3,0,1,0,0,0,3,0,1,0
STU_1834,Vihan Rathnayake,D/SE/22/1834,BSc (Hons) in Software Engineering,3,2.53,1.91,2.62,2.32,2.6,2.97,2.73,2,1,3,4,3,UI/UX Design,2,1,0,1,3,0,0,3,3,0,0,1,1,2,0,2,0,0,3,0,1,3,1,1,2
STU_1110,Sanduni Peiris,D/CS/23/1110,BSc (Hons) in Computer Science,2,3.1,3.46,3.29,3.14,2.91,2.57,3.22,3,4,1,3,2,Software Engineering,3,3,2,1,2,0,0,0,1,0,0,1,2,0,0,0,0,0,1,1,1,0,1,1,0
STU_1694,Chamari Silva,D/CS/23/1694,BSc (Hons) in Computer Science,2,2.74,2.13,2.94,2.7,2.94,3.2,2.52,2,4,5,2,3,Cybersecurity,1,0,0,0,2,0,0,0,1,0,0,1,2,0,2,2,0,0,1,0,1,0,0,0,0
STU_1310,Sachini Senaratne,D/SE/22/1310,BSc (Hons) in Software Engineering,3,2.75,2.57,2.56,3.48,2.65,2.72,2.5,3,2,1,4,3,Software Engineering,0,0,2,2,3,0,0,1,1,2,0,0,2,0,3,0,0,2,2,0,1,2,0,0,1
STU_1291,Dinithi Wijesinghe,D/CE/22/1291,BSc (Hons) in Computer Engineering,3,3.03,2.95,3.09,2.94,2.82,3.49,2.92,5,4,2,4,4,Software Engineering,2,3,1,2,2,0,0,0,2,2,1,1,0,0,2,1,0,1,2,1,1,1,0,1,1
STU_1434,Kavindi Jayasinghe,D/SE/22/1434,BSc (Hons) in Software Engineering,3,3.58,3.77,3.69,3.85,2.92,3.22,4.0,4,3,1,3,3,Software Engineering,2,2,2,1,2,0,1,2,3,0,0,0,2,3,3,1,0,1,0,0,2,1,0,2,0
STU_1669,Minoli Dissanayake,D/IT/24/1669,BSc (Hons) in Information Technology,1,3.11,3.34,3.11,3.25,2.53,2.58,3.85,1,1,2,4,4,UI/UX Design,1,1,1,1,1,2,2,1,0,1,0,2,0,2,1,1,0,3,0,0,0,3,1,2,2
STU_1292,Vihan Tharumila,D/DBA/24/1292,BSc (Hons) in Data Science & Business Analytics,1,3.12,3.92,3.21,2.72,2.83,3.3,2.73,2,5,3,2,1,Data Science / AI,3,1,0,3,2,0,0,0,2,0,0,0,3,0,2,2,0,0,0,2,0,0,0,0,2
STU_1260,Tharindu Jayasinghe,D/CE/22/1260,BSc (Hons) in Computer Engineering,3,3.62,3.72,4.0,3.93,3.12,4.0,2.94,2,5,2,2,2,Data Science / AI,2,0,0,1,2,3,2,2,1,0,0,0,1,0,0,2,1,1,2,0,1,1,0,0,0
STU_1169,Kavindi Bandara,D/CS/22/1169,BSc (Hons) in Computer Science,3,3.17,3.17,3.72,3.17,2.47,3.0,3.47,3,3,2,2,1,Data Science / AI,2,2,0,0,2,3,2,2,2,3,0,2,1,0,0,1,0,2,0,0,0,0,0,0,1
STU_1437,Praveen Silva,D/IT/21/1437,BSc (Hons) in Information Technology,4,3.0,3.08,2.3,3.03,3.54,3.15,2.9,4,2,4,2,1,Cloud / DevOps,3,2,2,0,1,0,2,0,0,0,2,0,2,0,0,1,3,3,2,2,1,1,0,0,1
STU_1356,Supun Fonseka,D/DBA/23/1356,BSc (Hons) in Data Science & Business Analytics,2,3.13,3.18,3.81,3.59,2.77,2.43,3.0,2,3,1,2,3,Data Science / AI,0,0,0,3,1,1,1,0,2,3,2,0,1,0,1,1,0,2,0,0,0,0,0,0,0
STU_1287,Kavindu Silva,D/IS/24/1287,BSc (Hons) in Information Systems,1,2.41,2.12,2.85,1.71,2.37,2.4,3.04,3,2,2,1,5,UI/UX Design,1,0,0,0,0,0,1,2,2,1,1,1,2,1,0,0,1,0,1,0,1,3,1,1,0
STU_1642,Kasun Mendis,D/SE/22/1642,BSc (Hons) in Software Engineering,3,2.63,3.45,2.77,2.64,3.19,2.75,1.0,4,2,1,3,3,Software Engineering,0,1,3,2,3,1,1,1,1,0,1,0,1,0,2,0,0,1,0,1,1,3,1,2,1
STU_1585,Sachini Wijesinghe,D/SE/23/1585,BSc (Hons) in Software Engineering,2,2.48,1.64,2.23,2.23,2.82,2.92,3.01,4,2,2,4,3,Cloud / DevOps,0,1,1,0,0,0,0,0,1,0,2,1,2,1,0,1,2,0,0,1,0,0,0,0,1
STU_1006,Praveen Perera,D/CS/22/1006,BSc (Hons) in Computer Science,3,3.16,2.89,3.9,2.83,3.24,3.27,2.84,2,3,2,3,2,Cybersecurity,0,0,0,0,2,0,0,2,3,0,1,2,2,1,1,0,2,0,1,1,0,0,0,1,0
STU_1055,Dilshan Gunawardena,D/CS/23/1055,BSc (Hons) in Computer Science,2,3.57,3.46,3.57,3.34,3.6,3.45,4.0,3,1,2,1,4,UI/UX Design,3,0,2,0,2,1,1,3,1,2,0,0,1,1,0,1,1,1,1,0,1,1,0,0,1
STU_1576,Sewwandi Tharumila,D/IS/24/1576,BSc (Hons) in Information Systems,1,3.15,2.92,2.55,3.4,3.67,2.4,3.95,1,3,2,2,4,UI/UX Design,1,1,0,0,1,1,1,1,0,1,0,2,1,0,0,0,0,0,2,0,1,0,2,0,1
STU_1799,Chathuri Cooray,D/CE/22/1799,BSc (Hons) in Computer Engineering,3,3.21,2.92,3.51,2.96,4.0,3.05,2.83,2,2,3,3,1,Cybersecurity,2,0,0,2,2,2,0,0,1,1,2,1,3,2,0,1,1,0,0,1,3,0,2,0,2
STU_1255,Maleesha Gamage,D/CS/23/1255,BSc (Hons) in Computer Science,2,2.49,1.85,2.1,2.54,2.53,3.38,2.52,3,2,3,5,3,Cloud / DevOps,1,0,0,1,2,1,0,1,2,2,0,1,0,1,1,0,2,0,2,1,1,2,0,0,0
STU_1214,Chathuri Senaratne,D/DBA/24/1214,BSc (Hons) in Data Science & Business Analytics,1,2.1,1.75,1.52,2.3,2.37,2.4,2.23,4,4,1,4,1,Software Engineering,1,1,0,1,2,1,0,0,2,0,0,0,1,0,1,0,1,0,1,1,1,0,0,1,1
STU_1595,Akila Peiris,D/CS/24/1595,BSc (Hons) in Computer Science,1,3.73,3.52,4.0,3.72,4.0,3.97,3.15,2,2,3,4,2,Cloud / DevOps,0,2,0,1,1,0,0,0,1,0,0,3,1,0,0,0,3,1,1,2,1,0,2,1,0
STU_1213,Rashmi Alwis,D/SE/22/1213,BSc (Hons) in Software Engineering,3,3.75,4.0,3.88,4.0,2.83,4.0,3.8,4,4,2,3,3,Software Engineering,2,1,1,1,2,0,0,1,1,0,0,0,1,0,3,1,0,0,0,1,0,0,2,1,0
STU_1098,Chamari Rathnayake,D/SE/21/1098,BSc (Hons) in Software Engineering,4,3.48,3.48,3.28,3.17,3.74,3.53,3.67,3,3,1,2,4,UI/UX Design,1,1,2,1,2,1,2,0,3,0,1,0,0,0,1,0,0,1,2,0,1,2,0,3,3
STU_1754,Sachini Karunaratne,D/IS/24/1754,BSc (Hons) in Information Systems,1,2.78,2.95,3.12,3.37,2.04,2.91,2.28,2,5,2,3,2,Data Science / AI,2,1,1,0,2,0,1,0,1,1,0,0,0,0,0,0,2,1,2,0,0,1,0,0,1
STU_1814,Ravindu Wijesinghe,D/DBA/22/1814,BSc (Hons) in Data Science & Business Analytics,3,2.91,2.95,3.4,2.05,3.67,3.1,2.28,2,2,5,4,3,Cloud / DevOps,0,0,0,0,2,0,2,0,3,2,0,0,2,1,2,2,0,2,3,2,2,1,0,2,2
STU_1337,Nuwan Herath,D/IS/23/1337,BSc (Hons) in Information Systems,2,3.45,4.0,3.2,3.09,3.04,4.0,3.36,3,4,3,1,2,Data Science / AI,2,0,1,0,2,0,2,1,2,1,0,1,3,0,2,1,1,0,0,2,0,1,0,0,1
STU_1559,Fathima Senaratne,D/CS/23/1559,BSc (Hons) in Computer Science,2,2.77,2.71,2.21,3.16,2.17,3.24,3.15,3,3,2,4,2,Software Engineering,2,2,3,0,0,1,0,1,0,1,0,0,3,0,1,0,2,1,1,1,0,0,0,1,1
STU_1500,Sachini Wijesinghe,D/CE/22/1500,BSc (Hons) in Computer Engineering,3,2.45,1.92,2.51,3.4,1.98,2.64,2.28,3,3,2,4,1,Cloud / DevOps,1,1,3,0,2,0,0,0,0,2,0,1,3,2,1,1,3,1,3,2,1,0,1,1,2
STU_1085,Praveen Wijesinghe,D/CS/21/1085,BSc (Hons) in Computer Science,4,2.63,3.01,2.62,2.98,1.68,2.39,3.12,4,4,3,4,3,Software Engineering,3,3,0,0,1,1,0,0,3,2,2,0,2,0,1,0,0,0,1,0,1,1,0,2,0
STU_1011,Sahan Peiris,D/SE/23/1011,BSc (Hons) in Software Engineering,2,2.82,3.04,3.39,3.27,2.71,2.6,1.89,3,3,3,3,3,Software Engineering,3,0,1,3,1,1,1,0,1,1,2,0,1,2,2,0,1,0,0,0,0,1,0,3,3
STU_1689,Tharindu Perera,D/SE/21/1689,BSc (Hons) in Software Engineering,4,3.14,3.39,2.69,3.93,2.62,3.22,2.96,4,4,5,2,3,Software Engineering,3,2,2,2,1,1,1,2,3,0,0,0,3,0,2,1,1,0,0,0,0,0,0,2,0
STU_1175,Kavindu Rathnayake,D/SE/22/1175,BSc (Hons) in Software Engineering,3,2.76,3.2,2.34,2.9,2.66,2.26,3.21,3,4,2,2,1,Software Engineering,3,2,2,2,2,0,1,0,3,3,0,0,0,0,3,0,0,1,2,0,1,1,2,2,1
STU_1352,Dinithi Alwis,D/DBA/22/1352,BSc (Hons) in Data Science & Business Analytics,3,2.84,3.95,2.99,3.22,3.19,2.12,1.55,4,5,2,1,2,Data Science / AI,3,0,1,0,1,2,2,3,1,2,0,1,1,0,1,0,0,1,0,2,0,2,0,2,0
STU_1119,Rashmi Gamage,D/SE/22/1119,BSc (Hons) in Software Engineering,3,3.07,2.65,2.73,3.09,3.71,3.31,2.95,5,2,3,3,1,Cloud / DevOps,1,2,2,0,3,0,0,1,1,2,0,1,2,0,3,2,1,2,3,1,0,0,0,1,0
STU_1251,Chathuri Mendis,D/CS/22/1251,BSc (Hons) in Computer Science,3,3.14,3.8,3.56,3.48,1.88,3.07,3.03,5,2,1,4,1,Software Engineering,2,3,1,1,1,0,1,0,1,0,1,1,0,1,2,0,1,0,1,0,2,0,1,3,0
STU_1804,Ravindu Bandara,D/SE/24/1804,BSc (Hons) in Software Engineering,1,2.58,3.51,2.68,2.52,2.53,2.19,2.07,5,3,1,3,3,Software Engineering,0,1,1,1,0,0,0,0,2,1,0,0,2,3,2,1,1,0,0,0,0,0,0,0,2
STU_1030,Sanduni Dissanayake,D/DBA/24/1030,BSc (Hons) in Data Science & Business Analytics,1,3.57,3.8,3.8,3.8,3.51,2.93,3.57,4,5,1,5,3,Software Engineering,0,0,1,0,2,0,3,0,0,1,1,0,1,1,1,3,3,1,0,1,0,0,0,1,2
STU_1629,Nuwan Herath,D/CS/24/1629,BSc (Hons) in Computer Science,1,2.44,2.84,2.2,2.61,3.13,2.12,1.78,3,1,4,3,2,Cloud / DevOps,1,0,1,0,0,0,0,0,1,0,1,2,1,1,1,3,1,2,3,1,0,2,1,0,1
STU_1558,Chathuri Herath,D/IT/23/1558,BSc (Hons) in Information Technology,2,3.22,2.62,3.36,3.51,3.38,4.0,2.46,2,2,3,3,2,Cloud / DevOps,1,1,2,1,1,0,1,1,2,0,1,2,0,1,0,1,1,2,1,2,0,0,0,1,0
STU_1440,Methmi Abeysekara,D/IT/22/1440,BSc (Hons) in Information Technology,3,2.74,2.38,2.51,2.29,3.0,3.39,2.89,4,2,3,5,1,Cloud / DevOps,3,2,2,1,3,1,0,0,0,0,1,2,3,0,1,1,2,2,1,1,0,0,2,0,0
STU_1345,Anushka Senaratne,D/DBA/23/1345,BSc (Hons) in Data Science & Business Analytics,2,2.72,2.67,3.5,3.15,2.05,2.32,2.62,4,5,3,2,2,Data Science / AI,1,0,2,2,2,1,1,1,2,0,1,0,2,2,0,0,1,1,1,1,0,2,0,2,0
STU_1082,Buddhika Tharumila,D/IT/23/1082,BSc (Hons) in Information Technology,2,2.98,2.37,3.59,2.66,3.61,3.04,2.64,1,2,4,3,3,Cybersecurity,3,2,1,0,1,1,0,0,1,2,2,0,2,1,1,2,0,0,0,2,1,1,1,0,0
STU_1199,Maleesha Bandara,D/SE/22/1199,BSc (Hons) in Software Engineering,3,2.56,2.3,3.13,2.75,2.65,2.68,1.88,3,3,5,3,3,Cloud / DevOps,0,1,1,0,1,1,0,2,2,0,0,0,2,2,1,0,2,0,3,2,0,0,1,1,0
STU_1360,Fathima Bandara,D/IS/22/1360,BSc (Hons) in Information Systems,3,2.01,1.44,2.12,1.83,1.67,1.93,3.05,1,3,3,2,4,UI/UX Design,0,2,0,0,3,1,1,3,1,0,0,0,1,0,1,0,0,1,0,1,3,3,2,3,0
STU_1536,Methmi Karunaratne,D/DBA/21/1536,BSc (Hons) in Data Science & Business Analytics,4,3.28,2.85,3.92,3.62,3.14,2.91,3.24,2,5,3,3,1,Data Science / AI,2,1,0,0,0,3,2,1,1,3,1,0,1,0,0,0,0,2,1,1,0,0,0,1,0
STU_1817,Senuri Perera,D/IS/22/1817,BSc (Hons) in Information Systems,3,3.23,3.42,3.33,3.79,2.94,3.13,2.79,5,4,2,1,1,Data Science / AI,1,0,0,1,2,3,1,2,2,1,0,1,0,2,0,0,0,0,0,0,0,0,0,0,1
STU_1845,Shanika Fonseka,D/IT/21/1845,BSc (Hons) in Information Technology,4,2.95,3.81,2.9,3.5,2.12,2.55,2.79,4,4,2,4,3,Software Engineering,2,1,3,2,1,0,1,0,3,1,0,0,2,2,2,3,0,1,0,1,1,2,3,3,0
STU_1515,Sachini Gunawardena,D/IS/22/1515,BSc (Hons) in Information Systems,3,3.06,3.16,3.29,3.33,2.56,3.34,2.66,5,3,2,4,3,Software Engineering,1,2,1,3,1,1,0,0,2,0,1,2,3,0,3,0,2,1,0,0,0,1,0,2,1
STU_1760,Dinithi Alwis,D/SE/22/1760,BSc (Hons) in Software Engineering,3,2.2,2.19,1.72,2.22,2.49,3.02,1.58,4,3,5,5,1,Cloud / DevOps,1,1,2,1,3,1,1,0,1,0,1,1,2,1,1,1,1,2,2,3,0,0,1,0,0
STU_1445,Nimal Liyanage,D/IS/23/1445,BSc (Hons) in Information Systems,2,2.14,2.62,2.3,1.82,1.94,2.29,1.86,4,5,3,2,3,Data Science / AI,1,1,0,1,0,1,1,2,1,2,0,0,1,1,1,1,0,1,0,0,0,1,0,0,1
STU_1686,Hasitha Ahamad,D/SE/21/1686,BSc (Hons) in Software Engineering,4,1.85,1.09,1.9,2.17,2.39,1.92,1.65,4,2,3,5,2,Cloud / DevOps,2,2,3,1,1,0,0,0,0,1,0,1,3,0,0,1,1,2,2,2,0,0,1,0,0
STU_1546,Nuwan Mendis,D/IT/22/1546,BSc (Hons) in Information Technology,3,2.64,3.38,2.44,3.05,2.38,2.39,2.2,3,3,1,4,3,Software Engineering,2,2,0,3,3,0,0,1,3,1,0,2,0,0,0,0,2,1,1,0,1,1,0,3,0
STU_1657,Rashmi Jayasinghe,D/SE/22/1657,BSc (Hons) in Software Engineering,3,3.57,3.87,3.29,3.67,3.27,3.59,3.76,3,4,3,3,2,Software Engineering,1,2,1,2,0,0,0,2,3,3,0,0,1,1,1,0,0,0,0,0,0,0,1,3,0
STU_1550,Sanduni Gamage,D/SE/22/1550,BSc (Hons) in Software Engineering,3,2.77,3.15,2.8,3.34,2.21,2.71,2.38,4,3,3,4,3,Software Engineering,1,3,1,2,2,2,2,0,2,1,1,0,1,1,2,0,1,1,2,1,0,2,0,3,1
STU_1587,Kavindu Bandara,D/SE/22/1587,BSc (Hons) in Software Engineering,3,2.83,2.25,2.09,3.25,2.97,3.1,3.3,1,2,2,5,1,Cloud / DevOps,1,1,2,1,3,0,2,2,1,2,0,0,2,2,0,2,3,3,1,1,0,1,2,1,2
STU_1600,Tharindu Ahamad,D/DBA/23/1600,BSc (Hons) in Data Science & Business Analytics,2,3.56,3.5,4.0,4.0,2.59,3.56,3.69,3,4,2,1,3,Data Science / AI,3,0,0,0,2,0,1,1,2,0,1,0,3,2,0,3,0,1,0,0,0,0,0,1,0
STU_1008,Kasun Bandara,D/IT/23/1008,BSc (Hons) in Information Technology,2,3.27,3.86,2.56,3.88,3.04,3.56,2.73,2,3,4,4,1,Cloud / DevOps,1,0,3,2,1,0,2,0,1,1,1,2,3,2,1,2,2,1,0,2,1,1,1,1,0
STU_1297,Tharindu Ahamad,D/DBA/23/1297,BSc (Hons) in Data Science & Business Analytics,2,2.34,2.16,3.03,2.45,2.69,1.59,2.1,3,3,2,1,2,Data Science / AI,2,2,0,0,2,1,0,1,1,0,2,1,2,0,0,2,0,0,0,1,0,0,2,1,0
STU_1156,Dinithi Perera,D/CS/23/1156,BSc (Hons) in Computer Science,2,3.35,3.83,3.22,3.45,3.41,2.8,3.41,3,4,2,5,2,Software Engineering,1,1,2,2,1,0,0,1,1,0,1,2,1,1,2,0,0,1,0,2,0,0,2,1,0
STU_1327,Akila Wijesinghe,D/IS/24/1327,BSc (Hons) in Information Systems,1,3.01,3.78,3.39,3.32,2.22,2.63,2.69,4,4,3,1,2,Data Science / AI,1,0,0,0,1,2,1,3,0,1,0,1,3,1,1,0,1,2,3,0,3,0,0,0,0
STU_1102,Sewwandi Tharumila,D/IT/22/1102,BSc (Hons) in Information Technology,3,3.55,3.21,3.07,4.0,4.0,4.0,3.0,4,3,5,5,3,Cloud / DevOps,1,0,1,0,2,1,0,0,0,0,0,1,0,1,2,1,2,1,2,2,0,1,2,0,0
STU_1362,Kavindi Abeysekara,D/IT/22/1362,BSc (Hons) in Information Technology,3,3.11,2.53,3.09,2.68,3.93,3.33,3.12,3,3,5,3,1,Cybersecurity,1,0,0,2,1,0,2,1,0,2,1,2,2,2,2,0,0,1,0,3,0,0,1,0,0
STU_1333,Sahan Wijesinghe,D/IT/21/1333,BSc (Hons) in Information Technology,4,3.12,3.11,2.22,3.32,4.0,3.04,3.02,3,3,5,4,3,Cloud / DevOps,1,0,2,1,3,0,0,1,0,1,1,0,3,0,1,1,2,3,1,2,0,0,0,0,2
STU_1384,Oshada Perera,D/IT/24/1384,BSc (Hons) in Information Technology,1,2.89,3.16,2.5,3.84,2.6,2.56,2.69,3,3,3,2,3,Data Science / AI,1,0,0,2,1,2,2,2,0,1,1,0,3,0,0,1,1,0,1,0,1,0,0,0,0
STU_1282,Shanika Gamage,D/CS/23/1282,BSc (Hons) in Computer Science,2,2.64,2.98,2.39,2.87,2.35,2.22,3.01,4,2,1,3,3,Software Engineering,3,2,3,1,1,0,2,0,1,0,0,0,1,2,0,2,1,1,1,0,0,1,0,1,0
STU_1003,Tharindu Bandara,D/IS/23/1003,BSc (Hons) in Information Systems,2,2.89,2.4,2.8,2.89,3.79,2.38,3.07,3,3,4,4,5,UI/UX Design,2,1,0,0,1,0,0,2,1,0,0,2,1,1,0,0,0,0,1,0,2,1,1,0,1
STU_1232,Vihan Dissanayake,D/SE/22/1232,BSc (Hons) in Software Engineering,3,3.39,3.8,3.48,3.55,2.93,3.56,3.04,1,1,1,4,3,Cloud / DevOps,1,1,2,0,2,0,2,1,0,0,0,0,2,0,1,0,1,2,2,3,2,0,0,2,2
STU_1458,Maleesha Wijesinghe,D/CS/23/1458,BSc (Hons) in Computer Science,2,3.07,3.84,2.78,3.22,2.9,3.19,2.47,3,4,1,4,2,Software Engineering,1,1,3,1,1,3,0,1,3,0,0,0,0,0,2,0,0,1,1,2,0,1,1,1,0
STU_1216,Ravindu Wickramasinghe,D/SE/24/1216,BSc (Hons) in Software Engineering,1,2.4,1.92,2.1,3.21,2.43,2.23,2.5,3,3,1,3,3,Software Engineering,2,1,1,2,2,0,0,2,1,0,2,0,0,1,1,1,0,0,0,2,0,0,0,0,0
STU_1211,Dilshan Rajapaksha,D/IT/24/1211,BSc (Hons) in Information Technology,1,2.93,3.35,3.09,3.39,2.97,2.62,2.16,3,5,1,2,1,Data Science / AI,2,0,1,2,1,1,1,1,2,1,0,0,1,0,1,0,1,0,1,0,1,0,0,1,1
STU_1658,Supun Jayasinghe,D/IT/21/1658,BSc (Hons) in Information Technology,4,2.71,2.38,2.61,2.05,3.43,2.81,2.96,2,1,4,3,3,Cybersecurity,1,0,1,0,3,0,0,2,3,0,2,1,2,3,1,0,0,0,0,1,0,0,1,0,0
STU_1716,Kavinda Peiris,D/SE/23/1716,BSc (Hons) in Software Engineering,2,3.55,3.05,3.36,4.0,3.08,3.82,4.0,2,2,1,3,5,UI/UX Design,1,1,0,2,2,0,0,2,2,0,0,0,1,1,0,1,2,2,0,1,3,0,1,3,1
STU_1793,Nimal Alwis,D/IT/23/1793,BSc (Hons) in Information Technology,2,3.36,3.67,3.13,4.0,3.34,3.33,2.72,2,2,3,4,2,Cybersecurity,3,2,1,0,0,0,1,0,2,1,0,3,1,3,3,0,0,0,1,0,2,0,1,3,1
STU_1543,Kavindi Bandara,D/CE/22/1543,BSc (Hons) in Computer Engineering,3,2.67,2.83,2.68,2.63,2.65,2.71,2.51,1,2,5,4,1,Cybersecurity,1,1,0,1,2,0,1,3,1,2,1,2,1,1,2,1,1,1,1,2,0,0,0,0,1
STU_1320,Dulan Wickramasinghe,D/CE/23/1320,BSc (Hons) in Computer Engineering,2,3.04,3.77,2.88,3.53,2.78,2.84,2.46,4,3,1,3,4,Software Engineering,2,2,1,3,0,2,0,0,1,0,0,0,0,0,1,1,1,2,1,1,1,0,1,0,2
STU_1831,Kasun Jayasinghe,D/SE/23/1831,BSc (Hons) in Software Engineering,2,2.61,2.33,2.47,2.61,2.46,2.72,3.04,1,3,3,1,4,UI/UX Design,0,2,0,1,1,1,0,1,1,0,0,1,1,1,0,1,0,2,0,0,1,1,1,2,1
STU_1581,Kavindi Peiris,D/CE/23/1581,BSc (Hons) in Computer Engineering,2,3.64,3.56,3.34,3.78,4.0,4.0,3.19,4,2,4,5,2,Cloud / DevOps,1,0,3,0,1,0,1,1,1,0,1,0,3,2,0,0,3,0,1,0,0,1,1,2,0
STU_1607,Chamari Rajapaksha,D/SE/22/1607,BSc (Hons) in Software Engineering,3,3.59,4.0,3.79,3.03,3.5,3.87,3.37,3,5,2,3,2,Data Science / AI,3,1,0,0,2,3,2,1,2,2,1,2,1,0,1,1,1,0,0,1,0,0,0,2,0
STU_1786,Dilshan Peiris,D/SE/23/1786,BSc (Hons) in Software Engineering,2,3.35,3.31,3.2,3.45,3.58,3.64,2.92,2,1,4,4,3,Cloud / DevOps,0,0,3,0,1,0,1,1,1,1,0,0,2,2,1,1,1,3,1,2,1,1,0,0,0
STU_1488,Dulan Alwis,D/DBA/23/1488,BSc (Hons) in Data Science & Business Analytics,2,2.84,3.02,3.79,3.18,2.99,2.15,1.89,3,3,2,1,2,Data Science / AI,2,0,3,1,1,1,1,2,1,2,0,0,1,0,1,0,2,1,0,0,0,1,0,0,0
STU_1410,Minoli Dissanayake,D/CS/23/1410,BSc (Hons) in Computer Science,2,3.07,2.8,3.87,3.53,2.6,2.7,2.89,2,3,2,1,1,Data Science / AI,2,0,0,0,1,2,3,0,2,1,0,0,2,0,3,0,0,1,2,1,1,0,0,0,0
STU_1080,Supun Rathnayake,D/DBA/22/1080,BSc (Hons) in Data Science & Business Analytics,3,3.46,3.3,3.22,3.31,4.0,3.97,2.98,2,1,3,1,2,Cybersecurity,0,0,0,3,3,2,0,0,2,0,1,1,1,1,2,1,0,0,1,0,0,2,0,0,0
STU_1149,Sahan Liyanage,D/IT/22/1149,BSc (Hons) in Information Technology,3,2.66,2.66,2.34,2.6,2.46,3.43,2.46,4,1,4,3,2,Cybersecurity,2,0,0,2,2,1,2,2,1,0,2,2,1,1,2,0,1,1,0,0,2,0,1,2,0
STU_1389,Rashmi Tharumila,D/IS/22/1389,BSc (Hons) in Information Systems,3,2.54,3.0,3.17,2.43,1.72,2.16,2.75,3,5,1,2,1,Data Science / AI,1,1,0,0,3,1,2,2,2,2,1,0,0,1,0,2,0,1,2,1,0,1,1,1,0
STU_1838,Anushka Tharumila,D/CE/22/1838,BSc (Hons) in Computer Engineering,3,3.31,3.93,3.87,3.43,2.88,2.05,3.71,3,4,1,1,1,Data Science / AI,2,0,0,1,0,1,3,3,2,2,2,0,1,1,1,2,0,0,1,2,2,1,2,0,0
STU_1328,Kavindu Alwis,D/SE/21/1328,BSc (Hons) in Software Engineering,4,2.94,2.75,3.25,2.87,3.04,2.76,2.96,1,1,3,2,1,Cloud / DevOps,0,1,0,1,1,0,1,1,1,0,0,2,1,0,1,0,1,2,3,3,1,0,1,0,0
STU_1378,Methmi Jayasinghe,D/SE/23/1378,BSc (Hons) in Software Engineering,2,2.9,2.61,2.44,3.58,3.61,3.12,2.05,3,3,3,5,2,Cloud / DevOps,2,0,1,0,1,0,1,0,0,1,1,2,1,0,0,2,0,3,1,2,1,2,0,1,0
STU_1764,Sewwandi Fonseka,D/CS/24/1764,BSc (Hons) in Computer Science,1,2.48,3.03,3.06,2.65,1.6,1.54,3.0,4,3,2,2,3,Software Engineering,1,2,0,2,3,0,0,0,0,1,0,0,1,2,1,0,0,1,0,0,3,0,0,2,0
STU_1343,Minoli Cooray,D/CS/22/1343,BSc (Hons) in Computer Science,3,1.99,2.12,1.69,2.72,2.4,1.0,2.02,4,4,3,3,3,Data Science / AI,2,0,1,2,1,2,2,3,2,1,0,1,0,1,2,2,0,3,1,0,0,0,1,0,0
STU_1405,Dinithi Abeysekara,D/IS/23/1405,BSc (Hons) in Information Systems,2,3.6,3.85,4.0,3.58,3.53,3.29,3.32,4,5,3,1,1,Data Science / AI,2,2,0,0,3,1,0,2,3,2,1,0,2,1,2,0,0,0,0,1,2,1,2,0,1
STU_1134,Dinithi Tharumila,D/DBA/21/1134,BSc (Hons) in Data Science & Business Analytics,4,2.99,3.18,3.04,3.5,3.23,3.06,1.91,2,4,1,1,2,Data Science / AI,2,0,0,0,2,3,3,3,2,0,0,2,1,0,1,0,0,3,2,0,3,1,1,0,0
STU_1441,Dinithi Gunawardena,D/SE/22/1441,BSc (Hons) in Software Engineering,3,3.15,3.27,3.23,3.39,2.76,2.8,3.43,2,2,2,4,4,UI/UX Design,2,0,0,1,2,3,0,3,1,1,1,0,0,0,0,1,0,1,0,1,3,3,2,1,3
STU_1248,Chamari Rathnayake,D/CE/24/1248,BSc (Hons) in Computer Engineering,1,3.3,3.02,3.47,3.66,3.0,3.66,2.98,5,3,3,2,3,Software Engineering,1,0,2,2,3,0,0,2,1,0,2,1,0,2,0,2,0,1,0,1,0,2,0,0,1
STU_1522,Hasitha Silva,D/SE/23/1522,BSc (Hons) in Software Engineering,2,2.49,2.35,2.36,2.24,2.33,2.16,3.53,4,2,1,3,4,UI/UX Design,1,1,1,0,3,0,1,0,1,1,0,0,1,1,0,0,1,0,0,0,1,1,3,1,0
STU_1056,Chathuri Wickramasinghe,D/CE/22/1056,BSc (Hons) in Computer Engineering,3,3.22,2.84,3.22,2.87,3.18,3.91,3.31,2,4,3,4,2,Cloud / DevOps,2,2,1,1,2,0,0,0,2,1,0,1,2,0,2,3,2,1,3,2,0,0,1,1,0
STU_1695,Hasitha Gunawardena,D/CS/24/1695,BSc (Hons) in Computer Science,1,3.08,3.42,3.21,3.25,2.67,3.13,2.8,4,2,3,1,3,Data Science / AI,2,1,0,0,1,0,1,0,1,2,3,1,1,1,1,0,0,1,0,0,1,0,0,0,0
STU_1641,Supun Gunawardena,D/SE/23/1641,BSc (Hons) in Software Engineering,2,3.22,3.16,3.57,2.84,3.64,3.34,2.76,4,1,3,4,1,Cloud / DevOps,2,0,3,0,0,0,0,0,2,0,0,2,1,0,0,1,1,1,1,2,1,1,0,0,1
STU_1524,Oshada Alwis,D/CS/22/1524,BSc (Hons) in Computer Science,3,3.15,3.08,3.76,2.89,2.68,2.78,3.7,4,5,3,1,2,Data Science / AI,3,0,0,1,2,2,2,0,2,2,0,1,2,0,2,2,2,1,0,0,1,0,1,1,0
STU_1312,Amal Silva,D/IT/23/1312,BSc (Hons) in Information Technology,2,3.02,3.06,3.09,3.37,3.12,3.04,2.43,5,3,3,4,4,Software Engineering,0,3,0,1,2,1,1,0,1,2,0,2,0,2,0,1,2,0,1,1,1,2,0,0,0
STU_1784,Dinithi Rajapaksha,D/IT/22/1784,BSc (Hons) in Information Technology,3,2.22,1.75,1.82,2.47,2.41,2.47,2.42,1,1,4,3,3,Cybersecurity,0,0,0,0,3,3,1,1,1,1,3,2,1,1,2,0,2,1,1,0,0,0,1,0,3
STU_1205,Dulan Senaratne,D/CS/21/1205,BSc (Hons) in Computer Science,4,3.34,2.46,3.47,3.64,3.85,3.46,3.15,2,3,4,3,1,Cybersecurity,0,1,1,1,2,0,2,1,2,1,3,2,2,2,3,1,0,0,0,0,1,2,0,0,2
STU_1586,Maleesha Peiris,D/IS/22/1586,BSc (Hons) in Information Systems,3,2.86,2.75,3.38,3.15,2.35,3.03,2.48,2,4,2,4,1,Data Science / AI,2,2,2,1,3,1,2,3,2,3,0,0,3,0,1,0,1,2,0,0,0,2,1,0,0
STU_1602,Minoli Peiris,D/IT/22/1602,BSc (Hons) in Information Technology,3,2.72,2.35,2.41,2.73,3.1,3.62,2.13,3,2,3,4,3,Cybersecurity,3,0,0,1,2,0,1,0,0,2,2,3,1,0,3,1,0,0,1,0,2,0,2,0,1
STU_1425,Amal Cooray,D/CS/23/1425,BSc (Hons) in Computer Science,2,2.29,2.73,3.1,3.02,1.64,2.15,1.09,3,5,2,2,2,Data Science / AI,1,1,1,0,1,1,1,3,1,2,0,0,2,0,3,0,0,1,0,0,0,1,0,0,1
STU_1329,Shanika Mendis,D/SE/23/1329,BSc (Hons) in Software Engineering,2,2.54,2.68,1.54,2.7,3.38,2.65,2.28,2,2,4,3,2,Cybersecurity,1,0,2,0,1,1,0,0,0,1,1,1,3,1,0,1,1,2,0,0,2,1,1,0,0
STU_1421,Tharindu Bandara,D/SE/24/1421,BSc (Hons) in Software Engineering,1,2.76,3.02,2.31,2.58,2.48,3.29,2.85,5,4,2,3,2,Software Engineering,2,1,0,3,1,0,1,0,3,0,1,1,1,1,3,1,0,1,2,0,1,0,0,0,2
STU_1061,Kavinda Wijesinghe,D/DBA/24/1061,BSc (Hons) in Data Science & Business Analytics,1,2.98,3.49,2.29,2.92,3.3,3.08,2.81,4,1,3,3,3,Cloud / DevOps,3,1,2,2,0,1,0,2,1,1,2,0,1,1,0,1,1,0,2,1,0,0,0,0,0
STU_1200,Sachini Perera,D/IT/24/1200,BSc (Hons) in Information Technology,1,2.89,2.67,2.83,2.92,3.11,3.34,2.49,5,2,3,5,1,Cloud / DevOps,0,0,1,1,2,1,1,1,0,0,1,1,2,0,0,3,1,0,2,3,0,1,2,2,2
STU_1656,Senuri Gunawardena,D/SE/21/1656,BSc (Hons) in Software Engineering,4,3.02,3.34,2.45,2.66,3.61,3.72,2.37,3,3,3,4,2,Cloud / DevOps,1,0,2,0,3,0,1,0,1,1,1,0,2,0,0,2,1,0,3,2,0,0,0,0,1
STU_1809,Sewwandi Bandara,D/DBA/21/1809,BSc (Hons) in Data Science & Business Analytics,4,3.43,3.1,3.09,2.86,4.0,4.0,3.53,3,2,4,2,4,UI/UX Design,1,0,2,2,3,1,0,1,0,1,0,1,3,2,0,0,1,1,1,2,2,2,2,2,2
STU_1429,Ravindu Wickramasinghe,D/SE/22/1429,BSc (Hons) in Software Engineering,3,3.22,3.8,3.28,2.58,4.0,3.06,2.59,3,2,4,5,2,Cloud / DevOps,1,1,2,0,3,0,0,2,1,1,2,0,1,0,2,1,1,1,1,2,2,0,0,1,0
STU_1665,Kavindi Mendis,D/SE/22/1665,BSc (Hons) in Software Engineering,3,2.78,3.04,2.67,3.0,2.6,2.7,2.67,5,3,1,4,2,Software Engineering,3,3,1,2,2,0,0,0,3,1,1,0,2,2,2,0,0,3,0,1,0,0,2,1,0
STU_1514,Dinithi Fernando,D/IS/23/1514,BSc (Hons) in Information Systems,2,2.98,2.86,2.94,2.8,2.8,2.87,3.62,1,2,2,2,5,UI/UX Design,0,0,0,1,1,0,0,1,2,0,0,0,1,0,0,0,0,0,0,1,3,1,1,2,1
STU_1826,Chamari Fonseka,D/IS/23/1826,BSc (Hons) in Information Systems,2,3.3,3.23,3.21,3.37,3.22,3.03,3.74,4,3,1,4,3,Software Engineering,1,0,1,3,2,0,2,0,1,1,0,0,2,1,3,0,0,0,2,0,0,0,1,1,0
STU_1832,Sachini Tharumila,D/IS/24/1832,BSc (Hons) in Information Systems,1,2.96,2.5,2.82,2.86,3.72,2.99,2.87,2,3,2,5,2,Cloud / DevOps,1,2,1,2,1,1,0,0,1,1,1,0,1,0,3,1,1,1,0,0,0,1,2,2,2
STU_1361,Kasun Peiris,D/SE/23/1361,BSc (Hons) in Software Engineering,2,3.65,3.62,4.0,3.56,3.23,3.51,4.0,4,4,2,1,3,Data Science / AI,1,0,1,2,1,1,1,1,3,1,0,0,2,3,0,0,0,1,1,2,1,2,1,0,1
STU_1295,Sanduni Senaratne,D/CS/23/1295,BSc (Hons) in Computer Science,2,3.12,3.1,3.08,2.91,2.86,2.79,4.0,2,2,3,3,4,UI/UX Design,0,1,2,0,0,0,0,1,2,1,0,1,2,2,0,1,2,0,0,0,2,1,3,2,1
STU_1678,Minoli Wickramasinghe,D/IT/22/1678,BSc (Hons) in Information Technology,3,2.89,2.94,2.9,2.97,2.67,2.47,3.4,1,2,2,2,4,UI/UX Design,2,2,1,2,2,1,2,2,0,1,0,0,0,1,2,0,0,0,1,0,2,1,2,1,2
STU_1765,Supun Alwis,D/CE/22/1765,BSc (Hons) in Computer Engineering,3,2.75,2.73,2.51,2.3,3.05,3.51,2.42,3,2,4,4,2,Cloud / DevOps,1,0,3,0,1,2,1,2,0,0,0,0,1,0,0,2,2,0,2,2,1,0,2,2,1
STU_1091,Nuwan Rathnayake,D/SE/23/1091,BSc (Hons) in Software Engineering,2,2.62,2.58,1.93,2.73,3.06,1.9,3.55,1,3,3,2,4,UI/UX Design,1,0,0,1,0,0,0,2,0,1,0,2,2,0,0,0,0,1,1,1,2,1,0,2,1
STU_1798,Oshada Tharumila,D/SE/21/1798,BSc (Hons) in Software Engineering,4,3.87,4.0,3.84,4.0,3.6,3.97,3.79,3,3,4,3,4,Software Engineering,0,1,3,3,1,0,0,1,1,1,0,1,0,0,2,1,1,0,1,0,1,0,0,2,0
STU_1182,Rashmi Senaratne,D/IT/21/1182,BSc (Hons) in Information Technology,4,3.09,2.79,2.64,3.45,3.65,2.87,3.18,2,3,2,3,5,UI/UX Design,1,0,1,0,3,0,0,2,3,0,0,0,2,0,0,0,1,0,0,0,2,2,2,3,3
STU_1452,Sahan Gamage,D/SE/23/1452,BSc (Hons) in Software Engineering,2,2.95,2.53,2.95,2.49,3.35,3.09,3.32,3,2,3,3,2,Cloud / DevOps,3,2,0,1,1,0,1,1,2,1,1,1,3,0,0,2,3,0,1,0,1,2,0,0,2
STU_1612,Kavindi Gunawardena,D/IT/23/1612,BSc (Hons) in Information Technology,2,2.4,2.89,2.39,2.14,2.52,2.3,2.18,3,1,2,5,2,Cloud / DevOps,1,0,2,0,1,1,1,0,2,0,3,1,3,0,0,2,2,2,1,1,2,2,0,1,1
STU_1795,Kavindi Jayasinghe,D/SE/23/1795,BSc (Hons) in Software Engineering,2,2.94,2.79,3.0,2.83,3.71,3.09,2.19,2,2,4,4,3,Cybersecurity,1,0,0,2,1,0,3,0,2,2,1,0,3,1,0,0,1,1,2,2,2,0,1,0,0
STU_1159,Rashmi Peiris,D/CS/23/1159,BSc (Hons) in Computer Science,2,2.62,2.76,2.79,3.31,2.53,2.01,2.32,4,4,1,2,3,Data Science / AI,2,2,1,1,1,0,3,1,0,2,0,1,1,0,1,0,0,1,1,1,0,1,0,2,0
STU_1070,Supun Wickramasinghe,D/IT/24/1070,BSc (Hons) in Information Technology,1,3.63,3.81,3.83,2.77,4.0,3.7,3.64,5,4,3,2,3,Cybersecurity,0,1,0,2,1,2,0,1,1,1,1,2,1,2,1,2,0,1,2,1,0,0,3,0,1
STU_1494,Dilshan Peiris,D/IT/22/1494,BSc (Hons) in Information Technology,3,2.4,2.1,2.72,2.03,2.64,2.77,2.12,1,2,5,3,1,Cybersecurity,2,1,0,1,2,0,0,1,2,2,2,3,1,3,2,1,0,0,1,0,0,0,0,1,0
STU_1132,Fathima Jayasinghe,D/SE/22/1132,BSc (Hons) in Software Engineering,3,3.15,3.26,2.96,3.66,3.19,2.79,3.03,5,3,2,3,2,Software Engineering,0,2,1,2,2,0,1,2,3,0,1,1,1,0,2,2,1,0,1,0,1,1,0,3,0
STU_1045,Dulan Ahamad,D/DBA/22/1045,BSc (Hons) in Data Science & Business Analytics,3,3.35,3.02,3.18,2.81,4.0,4.0,3.07,3,2,4,3,1,Cloud / DevOps,1,0,3,1,2,0,2,2,2,0,0,0,1,0,2,2,0,1,0,0,0,0,1,3,0
STU_1300,Maleesha Alwis,D/IS/23/1300,BSc (Hons) in Information Systems,2,2.86,3.5,3.36,2.43,3.01,2.27,2.6,5,4,3,2,2,Software Engineering,1,0,2,3,2,1,0,0,1,1,0,2,2,0,0,1,0,1,1,0,0,0,2,0,2
STU_1071,Supun Tharumila,D/SE/23/1071,BSc (Hons) in Software Engineering,2,2.52,2.24,2.06,2.34,3.04,2.73,2.69,4,2,4,4,2,Cybersecurity,3,1,0,1,2,1,1,0,1,2,1,1,1,1,2,1,1,0,1,0,1,0,0,1,2
STU_1432,Sewwandi Peiris,D/IS/22/1432,BSc (Hons) in Information Systems,3,2.35,2.91,3.33,1.86,1.93,2.02,2.05,4,2,2,5,3,Software Engineering,1,2,2,3,2,0,0,2,2,0,0,0,2,1,1,0,0,2,1,1,1,2,2,0,3
STU_1394,Hasitha Rajapaksha,D/CE/22/1394,BSc (Hons) in Computer Engineering,3,3.61,4.0,2.62,4.0,4.0,4.0,3.04,2,1,5,3,2,Cloud / DevOps,0,0,2,0,2,1,1,0,2,2,2,1,2,0,1,2,2,2,2,3,0,0,1,0,1
STU_1347,Aqeel Silva,D/IT/23/1347,BSc (Hons) in Information Technology,2,2.41,2.26,2.71,2.38,2.31,2.83,1.97,3,3,4,4,2,Cybersecurity,1,1,1,0,2,1,0,0,0,1,1,3,0,1,1,1,1,1,1,2,0,0,1,0,0
STU_1498,Sachini Herath,D/CS/21/1498,BSc (Hons) in Computer Science,4,3.26,3.39,3.6,3.47,3.14,3.2,2.77,3,4,3,3,2,Data Science / AI,1,0,0,0,1,1,1,2,3,2,0,0,2,3,0,0,1,1,0,1,1,2,0,3,0
STU_1240,Minoli Fernando,D/SE/24/1240,BSc (Hons) in Software Engineering,1,3.07,2.7,3.26,2.57,3.36,3.05,3.47,4,1,2,5,2,Cloud / DevOps,2,2,2,1,0,0,0,0,1,0,1,0,1,3,0,1,1,2,1,1,0,1,0,1,1
STU_1136,Dilshan Tharumila,D/SE/22/1136,BSc (Hons) in Software Engineering,3,3.58,4.0,2.92,4.0,3.58,3.45,3.55,3,3,3,4,3,Software Engineering,1,1,0,3,3,1,0,0,1,0,1,2,3,1,1,0,0,1,1,0,0,0,0,2,0
STU_1083,Dulan Tharumila,D/SE/23/1083,BSc (Hons) in Software Engineering,2,2.84,2.28,2.49,3.08,3.76,2.99,2.46,1,4,3,4,2,Cybersecurity,0,0,0,0,1,1,2,0,1,0,0,1,1,2,0,0,0,0,0,1,0,1,0,0,0
STU_1166,Shanika Perera,D/IT/21/1166,BSc (Hons) in Information Technology,4,2.41,3.33,1.97,2.42,2.52,2.45,1.78,4,1,3,2,2,Cloud / DevOps,0,0,1,1,2,2,0,1,1,0,0,0,2,1,2,2,0,2,2,1,1,3,2,0,2
STU_1165,Kavindu Cooray,D/SE/24/1165,BSc (Hons) in Software Engineering,1,3.46,3.69,3.59,3.42,3.8,3.09,3.17,5,3,2,1,3,Software Engineering,3,1,0,1,1,2,1,0,3,1,1,0,1,1,0,0,1,0,0,0,0,1,0,0,1
STU_1029,Supun Fernando,D/IT/23/1029,BSc (Hons) in Information Technology,2,2.69,2.75,1.59,3.23,3.63,2.64,2.32,3,3,4,4,2,Cloud / DevOps,2,0,0,1,0,0,0,0,2,2,0,1,2,0,1,1,1,3,1,2,1,0,1,2,0
STU_1451,Nimal Dissanayake,D/SE/22/1451,BSc (Hons) in Software Engineering,3,2.93,2.53,2.68,3.21,3.02,2.68,3.47,3,3,2,3,3,UI/UX Design,2,1,3,1,2,2,2,3,2,0,1,0,1,0,2,0,1,1,0,1,2,3,0,1,2
STU_1194,Buddhika Silva,D/DBA/23/1194,BSc (Hons) in Data Science & Business Analytics,2,3.65,3.77,3.84,4.0,3.61,3.48,3.2,3,4,2,4,4,Data Science / AI,1,1,1,0,2,2,0,1,1,2,0,1,2,0,2,3,0,0,2,2,0,0,0,3,0
STU_1797,Hasitha Mendis,D/IT/22/1797,BSc (Hons) in Information Technology,3,2.92,2.78,2.52,3.07,3.46,2.86,2.83,2,4,3,1,1,Cloud / DevOps,2,2,3,1,2,0,1,1,1,1,1,2,2,1,2,1,3,3,2,3,0,0,0,1,0
STU_1606,Kasun Karunaratne,D/CS/22/1606,BSc (Hons) in Computer Science,3,2.29,1.94,2.82,2.0,2.98,2.44,1.54,4,2,5,5,3,Cloud / DevOps,0,1,2,1,2,0,0,2,3,0,0,1,3,1,0,0,2,1,3,2,1,0,1,1,0
STU_1479,Ishara Wickramasinghe,D/CE/22/1479,BSc (Hons) in Computer Engineering,3,3.51,3.72,2.86,3.49,3.67,3.74,3.56,3,3,4,4,3,Cloud / DevOps,2,0,1,0,1,0,1,1,1,1,1,0,2,0,0,3,0,1,1,3,0,1,0,1,2
STU_1137,Aqeel Gamage,D/CE/22/1137,BSc (Hons) in Computer Engineering,3,2.82,2.25,2.13,2.41,4.0,3.65,2.46,4,2,4,4,1,Cloud / DevOps,1,2,2,2,3,1,1,1,3,1,0,1,1,0,0,2,3,1,1,1,1,0,0,0,0
STU_1704,Kavindu Cooray,D/IT/23/1704,BSc (Hons) in Information Technology,2,2.27,2.25,1.35,2.25,2.96,2.37,2.44,2,3,2,5,3,Cloud / DevOps,0,2,1,0,1,2,2,1,0,0,0,0,1,0,0,2,1,2,1,1,0,0,1,0,1
STU_1426,Shanika Alwis,D/IS/23/1426,BSc (Hons) in Information Systems,2,3.23,3.67,3.29,3.26,2.76,3.17,3.21,4,3,2,3,2,Software Engineering,1,1,3,0,2,1,0,2,1,1,0,2,1,0,1,0,0,0,0,0,1,0,0,1,1
STU_1141,Vihan Gunawardena,D/CS/23/1141,BSc (Hons) in Computer Science,2,3.16,3.99,3.15,3.06,3.18,2.79,2.81,5,4,2,2,3,Software Engineering,1,2,1,2,2,2,2,0,1,1,1,1,0,1,2,0,0,0,0,0,0,1,1,2,1
STU_1174,Dulan Tharumila,D/CE/22/1174,BSc (Hons) in Computer Engineering,3,3.83,4.0,4.0,4.0,4.0,3.83,3.13,4,4,3,2,2,Software Engineering,3,0,3,1,2,2,1,0,2,0,0,3,2,1,2,0,0,1,1,1,2,0,0,1,0
STU_1007,Rashmi Fernando,D/CE/22/1007,BSc (Hons) in Computer Engineering,3,2.89,3.52,2.68,2.75,2.96,2.61,2.83,3,1,2,3,3,Software Engineering,0,3,2,1,2,1,0,1,1,0,1,1,1,1,3,0,0,1,0,0,0,0,2,3,1
STU_1555,Nimal Fernando,D/DBA/23/1555,BSc (Hons) in Data Science & Business Analytics,2,3.34,2.72,2.84,3.84,3.72,4.0,2.92,4,2,3,4,2,Cloud / DevOps,0,0,3,0,3,1,0,1,1,1,0,2,1,2,1,1,1,2,1,3,0,2,2,1,0
STU_1571,Tharindu Bandara,D/CE/23/1571,BSc (Hons) in Computer Engineering,2,2.88,3.11,2.52,3.38,2.95,3.23,2.1,4,2,5,4,2,Cybersecurity,0,0,0,2,1,0,1,0,3,2,1,1,0,2,2,0,0,2,0,1,0,0,1,0,1
STU_1074,Kasun Rajapaksha,D/CS/22/1074,BSc (Hons) in Computer Science,3,3.24,4.0,3.29,3.52,2.79,2.99,2.85,3,5,3,3,2,Data Science / AI,2,0,2,0,2,3,2,2,3,2,2,0,0,0,1,0,1,0,0,0,0,1,0,0,0
STU_1590,Rashmi Cooray,D/CS/23/1590,BSc (Hons) in Computer Science,2,3.83,4.0,3.66,4.0,4.0,4.0,3.32,4,3,3,3,3,Software Engineering,2,1,2,3,3,2,0,2,0,2,0,1,0,1,0,0,1,1,0,0,0,1,2,2,0
STU_1713,Amal Gunawardena,D/CS/22/1713,BSc (Hons) in Computer Science,3,3.22,3.22,3.85,3.4,2.83,2.56,3.44,2,4,1,3,2,Data Science / AI,0,1,0,0,1,1,2,3,0,2,0,0,1,2,0,1,0,0,0,0,0,0,0,1,0
STU_1827,Nuwan Ahamad,D/SE/24/1827,BSc (Hons) in Software Engineering,1,3.05,3.08,3.15,2.42,3.68,3.52,2.43,3,1,4,5,2,Cybersecurity,0,0,0,0,2,1,1,0,0,0,1,1,2,1,1,0,0,0,1,0,0,1,1,0,1
STU_1146,Methmi Wijesinghe,D/IT/24/1146,BSc (Hons) in Information Technology,1,2.75,2.99,2.8,2.93,3.25,2.39,2.12,2,1,4,3,2,Cybersecurity,0,0,0,1,0,1,0,1,3,1,2,3,1,2,2,0,0,2,1,0,0,1,1,1,1
STU_1235,Akila Gunawardena,D/IT/23/1235,BSc (Hons) in Information Technology,2,2.83,2.33,2.27,2.4,3.77,3.6,2.59,3,1,4,4,2,Cloud / DevOps,2,1,0,0,1,0,0,1,1,1,2,0,2,0,1,0,0,1,1,3,0,0,0,0,0
STU_1221,Ishara Karunaratne,D/CE/24/1221,BSc (Hons) in Computer Engineering,1,2.9,2.58,2.78,3.49,2.95,2.39,3.19,5,2,2,3,2,Software Engineering,0,2,1,0,0,0,1,1,0,0,1,2,3,0,0,0,1,3,0,0,0,0,0,1,0
STU_1335,Sahan Mendis,D/CS/21/1335,BSc (Hons) in Computer Science,4,3.01,3.37,2.26,3.42,3.33,2.6,3.08,5,3,2,2,2,Software Engineering,1,2,2,3,2,2,1,2,3,1,0,0,0,2,3,1,2,2,0,1,0,0,0,2,1
STU_1353,Praveen Rathnayake,D/CS/24/1353,BSc (Hons) in Computer Science,1,3.51,4.0,2.99,3.05,4.0,3.91,3.08,2,3,4,4,1,Cybersecurity,1,0,0,0,1,0,0,1,1,0,2,3,1,0,1,1,1,1,0,1,0,0,0,0,1
STU_1133,Shanika Gamage,D/CS/23/1133,BSc (Hons) in Computer Science,2,2.92,3.0,3.87,3.53,2.23,2.56,2.32,3,4,3,1,2,Data Science / AI,0,0,2,2,0,1,2,1,0,1,0,1,1,0,2,1,2,0,0,2,0,0,0,0,0
STU_1632,Kavindu Fernando,D/IT/22/1632,BSc (Hons) in Information Technology,3,2.89,2.56,3.0,2.41,3.68,2.74,2.92,2,3,5,3,1,Cybersecurity,1,0,1,0,1,1,0,1,0,1,2,2,1,0,3,0,1,2,1,0,0,2,1,1,0
STU_1483,Nimal Peiris,D/SE/23/1483,BSc (Hons) in Software Engineering,2,2.73,3.53,2.74,2.26,2.68,2.34,2.85,4,2,2,3,3,Software Engineering,2,1,2,3,3,0,0,3,2,0,1,0,3,0,1,1,2,2,0,1,2,1,1,2,0
STU_1482,Praveen Herath,D/SE/22/1482,BSc (Hons) in Software Engineering,3,3.27,3.49,3.52,3.23,3.36,2.59,3.42,4,3,1,2,3,Software Engineering,3,1,1,2,2,2,2,0,2,0,0,1,2,0,1,0,0,1,0,0,0,2,0,3,0
STU_1042,Oshada Perera,D/SE/23/1042,BSc (Hons) in Software Engineering,2,2.45,2.09,1.77,1.97,3.38,3.16,2.31,2,2,4,2,3,Cybersecurity,2,2,2,2,1,1,0,2,2,1,2,0,1,3,3,0,0,0,1,1,0,0,2,1,1
STU_1527,Akila Fonseka,D/IT/23/1527,BSc (Hons) in Information Technology,2,3.46,3.22,4.0,3.07,2.89,3.55,4.0,3,2,2,1,4,UI/UX Design,2,1,0,0,2,1,1,3,2,0,0,1,2,0,1,0,2,1,0,0,0,2,2,1,0
STU_1109,Amal Karunaratne,D/DBA/23/1109,BSc (Hons) in Data Science & Business Analytics,2,2.83,3.16,2.82,2.72,2.92,2.57,2.81,2,4,3,3,2,Data Science / AI,0,2,0,0,2,3,3,2,2,0,0,0,1,0,1,0,1,0,0,0,1,1,1,0,1
STU_1383,Ishara Fonseka,D/CE/22/1383,BSc (Hons) in Computer Engineering,3,2.72,2.48,3.0,3.1,2.74,2.67,2.32,3,1,4,4,2,Cloud / DevOps,2,0,2,0,2,2,0,1,0,0,3,1,2,1,0,2,1,2,2,3,1,0,1,0,0
STU_1057,Kavindi Karunaratne,D/DBA/23/1057,BSc (Hons) in Data Science & Business Analytics,2,3.25,3.19,3.7,2.49,3.87,3.46,2.77,3,1,4,3,1,Cloud / DevOps,1,0,3,0,2,1,2,0,2,1,1,1,2,0,1,1,2,3,1,3,0,0,0,0,1
STU_1710,Methmi Rajapaksha,D/IT/23/1710,BSc (Hons) in Information Technology,2,3.19,2.37,3.15,2.96,4.0,3.55,3.11,2,3,3,3,3,Cloud / DevOps,0,3,1,0,2,0,2,0,0,0,0,1,2,1,1,1,1,3,1,1,0,0,0,1,2
STU_1828,Amal Wickramasinghe,D/IT/24/1828,BSc (Hons) in Information Technology,1,2.79,2.95,3.82,2.38,2.91,2.28,2.42,4,2,2,1,1,Software Engineering,1,1,1,0,0,0,0,0,0,0,0,0,1,0,2,2,2,0,0,0,3,1,2,1,0
STU_1454,Methmi Gamage,D/CE/23/1454,BSc (Hons) in Computer Engineering,2,2.8,2.65,2.64,3.09,2.95,2.84,2.61,4,3,2,3,4,UI/UX Design,1,1,0,1,2,1,0,1,0,0,2,1,0,3,2,1,1,2,1,1,2,1,2,1,1
STU_1025,Fathima Rajapaksha,D/CS/23/1025,BSc (Hons) in Computer Science,2,2.18,2.05,1.81,2.71,1.92,1.71,2.86,3,4,4,2,3,Software Engineering,0,1,0,2,1,0,2,2,3,3,0,0,2,1,0,1,0,0,1,1,1,0,2,1,0
STU_1317,Sewwandi Rathnayake,D/CS/22/1317,BSc (Hons) in Computer Science,3,2.66,2.52,2.63,3.12,2.68,2.83,2.17,4,4,1,3,1,Software Engineering,1,2,3,2,1,0,1,0,2,0,0,0,2,1,2,0,0,1,1,0,3,0,2,0,0
STU_1775,Supun Wickramasinghe,D/CS/23/1775,BSc (Hons) in Computer Science,2,2.94,3.26,3.08,3.3,2.58,2.92,2.49,2,4,3,5,2,Data Science / AI,1,2,1,1,3,1,1,3,1,0,0,3,2,0,0,0,0,2,1,2,0,1,0,2,3
STU_1395,Oshada Tharumila,D/IT/22/1395,BSc (Hons) in Information Technology,3,2.59,2.15,3.19,2.31,2.22,3.32,2.37,3,2,4,5,2,Cloud / DevOps,2,2,2,0,3,0,1,1,3,2,0,1,1,0,0,1,2,3,2,1,2,2,1,1,2
STU_1052,Chathuri Peiris,D/IT/22/1052,BSc (Hons) in Information Technology,3,2.65,2.66,2.79,2.39,2.98,2.31,2.77,2,3,4,3,1,Cybersecurity,1,0,1,0,2,0,1,1,2,0,3,3,1,2,2,0,0,0,0,1,0,1,1,2,1
STU_1369,Sachini Rajapaksha,D/CS/22/1369,BSc (Hons) in Computer Science,3,2.83,2.6,2.04,3.45,3.33,2.54,3.0,3,3,3,2,2,Software Engineering,3,1,0,2,3,0,1,1,2,1,1,2,2,2,1,0,0,0,2,0,0,0,0,1,0
STU_1780,Sahan Mendis,D/IT/23/1780,BSc (Hons) in Information Technology,2,2.35,1.61,1.81,2.55,2.66,3.25,2.21,2,2,4,3,1,Cybersecurity,1,1,2,0,0,1,1,2,0,0,2,2,0,2,1,0,0,0,1,1,2,0,0,0,0
STU_1548,Sahan Rajapaksha,D/SE/22/1548,BSc (Hons) in Software Engineering,3,2.84,2.69,2.97,3.31,3.02,2.85,2.2,3,4,3,2,3,Software Engineering,3,2,2,2,3,0,1,1,1,0,1,0,0,3,2,0,1,1,2,1,1,0,1,0,0
STU_1265,Kavindi Peiris,D/IT/23/1265,BSc (Hons) in Information Technology,2,3.29,3.74,3.46,3.19,3.14,3.59,2.65,3,4,3,2,3,Data Science / AI,1,1,1,2,3,1,2,3,0,0,2,0,0,0,0,0,0,3,1,1,0,1,1,1,0
STU_1397,Shanika Ahamad,D/IS/23/1397,BSc (Hons) in Information Systems,2,2.82,2.86,3.13,3.36,2.29,2.89,2.38,2,5,1,2,1,Data Science / AI,1,3,0,0,0,0,3,0,2,0,2,1,2,0,1,1,1,1,1,2,0,1,2,0,0
STU_1589,Buddhika Fernando,D/SE/23/1589,BSc (Hons) in Software Engineering,2,3.64,3.24,2.97,3.82,4.0,4.0,3.83,5,1,4,3,2,Cloud / DevOps,2,0,1,1,2,1,0,2,1,1,2,0,1,0,1,1,1,1,1,2,0,1,1,0,0
STU_1446,Nimal Dissanayake,D/SE/22/1446,BSc (Hons) in Software Engineering,3,2.69,2.96,1.8,3.04,3.73,3.01,1.62,3,2,4,5,2,Cloud / DevOps,1,0,3,1,3,0,1,3,1,0,0,0,1,2,3,2,3,3,2,0,0,0,0,0,0
STU_1423,Maleesha Perera,D/CS/23/1423,BSc (Hons) in Computer Science,2,3.18,3.37,4.0,3.67,2.42,2.74,2.86,3,5,2,2,3,Data Science / AI,1,0,0,2,0,3,1,1,0,2,0,0,1,0,0,0,1,1,0,1,0,1,0,0,0
STU_1019,Chathuri Fonseka,D/SE/22/1019,BSc (Hons) in Software Engineering,3,2.52,2.62,1.94,3.37,2.04,2.67,2.5,5,3,1,2,1,Software Engineering,3,2,0,3,1,1,0,0,1,1,0,0,0,0,3,0,1,2,1,0,0,0,0,2,1
STU_1616,Amal Fonseka,D/IT/24/1616,BSc (Hons) in Information Technology,1,2.94,2.5,2.55,3.35,3.51,3.68,2.03,2,3,5,2,2,Cybersecurity,1,2,1,2,1,0,0,2,1,0,3,1,1,0,1,2,1,0,0,0,1,0,1,1,1
STU_1463,Oshada Abeysekara,D/IT/24/1463,BSc (Hons) in Information Technology,1,3.61,4.0,3.46,3.81,3.26,3.46,3.67,2,3,3,3,1,Cybersecurity,2,0,1,0,1,1,0,1,0,1,1,2,3,1,1,2,0,1,2,1,0,0,0,0,0
STU_1084,Ishara Jayasinghe,D/SE/22/1084,BSc (Hons) in Software Engineering,3,3.44,4.0,3.31,3.81,3.13,3.66,2.75,5,3,2,3,3,Software Engineering,3,1,2,2,1,2,2,2,2,0,0,2,0,1,2,1,3,0,0,0,0,0,0,3,2
STU_1062,Oshada Liyanage,D/CS/22/1062,BSc (Hons) in Computer Science,3,3.71,4.0,4.0,3.97,3.61,3.3,3.36,5,3,3,2,2,Software Engineering,1,3,2,3,2,0,0,1,2,3,0,1,2,1,2,1,0,1,1,2,2,0,0,3,1
STU_1623,Dulan Tharumila,D/SE/23/1623,BSc (Hons) in Software Engineering,2,2.31,2.63,2.54,2.2,2.16,2.55,1.78,3,4,1,3,4,Software Engineering,1,1,0,3,1,0,1,0,3,1,0,1,1,0,2,1,0,1,1,0,0,1,0,2,0
STU_1286,Minoli Alwis,D/IT/21/1286,BSc (Hons) in Information Technology,4,3.67,3.13,3.86,3.7,4.0,3.42,3.91,4,2,3,4,1,Cloud / DevOps,1,1,1,1,0,0,1,1,1,0,1,0,1,1,0,1,3,3,0,2,0,1,1,0,0
STU_1324,Ravindu Peiris,D/IT/23/1324,BSc (Hons) in Information Technology,2,2.54,1.81,3.12,2.18,2.39,2.75,3.01,2,2,5,3,3,Cybersecurity,1,3,1,3,0,0,0,1,0,2,1,1,1,1,0,3,0,0,2,3,1,2,1,2,0
STU_1580,Akila Rathnayake,D/SE/23/1580,BSc (Hons) in Software Engineering,2,2.99,2.89,1.93,3.15,2.47,3.52,4.0,1,1,2,3,5,UI/UX Design,1,1,1,0,1,3,0,1,2,1,2,0,1,2,0,1,0,1,1,0,1,2,0,1,1
STU_1495,Ishara Silva,D/IT/22/1495,BSc (Hons) in Information Technology,3,3.7,3.54,3.74,3.22,3.68,4.0,4.0,1,1,3,3,4,UI/UX Design,0,1,0,0,2,2,0,3,2,2,0,0,3,0,0,0,0,0,1,1,0,3,2,2,3
STU_1183,Hasitha Dissanayake,D/IS/21/1183,BSc (Hons) in Information Systems,4,1.98,2.67,2.12,2.44,1.5,1.28,1.85,2,4,1,2,3,Data Science / AI,3,0,0,1,3,2,3,3,3,2,0,1,2,0,1,0,0,0,1,0,1,1,1,3,1
STU_1399,Methmi Rajapaksha,D/CE/22/1399,BSc (Hons) in Computer Engineering,3,3.25,3.17,4.0,3.48,3.7,2.56,2.62,2,3,4,2,4,Data Science / AI,2,0,0,0,2,3,2,0,3,1,0,0,2,0,1,0,0,0,1,1,0,0,1,1,0
STU_1532,Vihan Fonseka,D/IT/22/1532,BSc (Hons) in Information Technology,3,2.84,2.32,3.03,2.97,3.39,3.28,2.06,2,2,4,3,2,Cybersecurity,1,3,1,1,1,0,0,2,0,0,2,2,3,1,2,1,1,0,0,1,3,1,2,0,0
STU_1224,Sachini Dissanayake,D/CS/21/1224,BSc (Hons) in Computer Science,4,2.6,1.52,2.79,2.62,3.19,2.99,2.52,3,1,5,3,3,Cybersecurity,0,0,2,0,3,0,1,0,1,1,1,2,2,2,3,0,1,3,2,2,0,1,1,0,1
STU_1469,Oshada Senaratne,D/SE/22/1469,BSc (Hons) in Software Engineering,3,3.28,3.42,3.41,4.0,3.47,2.56,2.81,5,3,3,4,3,Software Engineering,3,1,1,3,3,1,0,1,1,3,0,2,1,2,2,1,2,1,1,0,0,2,0,3,1
STU_1603,Kavinda Alwis,D/IS/23/1603,BSc (Hons) in Information Systems,2,3.28,3.79,3.29,3.08,3.04,3.01,3.47,2,3,3,2,4,UI/UX Design,2,2,0,0,0,1,1,1,2,0,1,0,2,0,0,1,0,0,2,0,2,0,0,0,3
STU_1443,Vihan Peiris,D/SE/22/1443,BSc (Hons) in Software Engineering,3,2.55,2.45,2.22,2.55,2.58,2.8,2.69,4,3,2,4,4,Software Engineering,3,3,1,3,3,0,3,0,2,0,0,1,1,1,2,0,0,1,1,1,1,0,0,2,3
STU_1366,Sahan Ahamad,D/CS/22/1366,BSc (Hons) in Computer Science,3,3.41,2.89,3.21,3.05,3.84,4.0,3.45,3,3,4,5,3,Cloud / DevOps,2,3,3,1,1,1,1,1,0,2,0,0,2,1,0,2,2,0,1,3,0,0,1,0,1
STU_1491,Chathuri Perera,D/DBA/24/1491,BSc (Hons) in Data Science & Business Analytics,1,3.57,3.04,3.95,2.91,3.51,4.0,4.0,3,2,3,4,2,Cloud / DevOps,1,0,1,3,1,0,1,2,0,0,1,1,0,1,1,2,1,0,2,2,1,1,0,0,0
STU_1526,Dulan Ahamad,D/SE/22/1526,BSc (Hons) in Software Engineering,3,2.82,2.85,2.76,3.3,2.89,2.82,2.27,1,2,2,4,1,Cloud / DevOps,2,3,0,0,3,0,1,3,1,0,2,2,2,0,2,3,3,2,3,2,0,1,1,2,2
STU_1177,Dilshan Rathnayake,D/DBA/23/1177,BSc (Hons) in Data Science & Business Analytics,2,2.71,3.4,3.72,2.53,1.48,2.13,3.01,2,4,3,3,2,Software Engineering,3,1,2,1,2,2,0,0,1,0,0,1,0,1,2,0,2,1,0,0,0,1,0,2,2
STU_1577,Supun Ahamad,D/CS/22/1577,BSc (Hons) in Computer Science,3,2.86,3.05,2.08,3.1,3.28,3.32,2.31,3,1,4,2,4,Cybersecurity,1,2,1,0,2,0,1,1,1,1,1,3,1,1,3,0,3,0,0,1,0,0,0,3,1
STU_1769,Kavinda Peiris,D/IT/21/1769,BSc (Hons) in Information Technology,4,3.45,3.78,2.9,3.24,3.75,4.0,3.05,3,2,3,4,2,Cybersecurity,1,2,0,1,2,0,0,0,0,2,3,2,2,1,0,1,1,1,1,0,0,1,0,1,0
STU_1164,Sahan Cooray,D/CS/21/1164,BSc (Hons) in Computer Science,4,2.26,2.89,2.21,2.5,1.69,2.44,1.84,4,5,1,3,1,Data Science / AI,3,1,0,1,2,3,0,2,2,1,0,0,2,2,1,0,0,3,3,2,1,0,1,0,0
STU_1249,Kasun Jayasinghe,D/SE/23/1249,BSc (Hons) in Software Engineering,2,2.95,3.06,3.22,4.0,2.56,2.95,1.88,4,4,2,4,2,Software Engineering,2,1,2,0,1,0,0,0,1,0,0,0,2,0,2,0,0,0,0,1,0,2,2,1,1
STU_1549,Chathuri Peiris,D/IT/22/1549,BSc (Hons) in Information Technology,3,3.19,3.06,2.22,3.24,3.69,3.26,3.66,1,3,5,4,2,Cybersecurity,3,2,1,1,2,0,0,0,0,0,1,3,3,0,1,1,1,2,3,3,0,0,1,0,1
STU_1751,Fathima Fonseka,D/SE/21/1751,BSc (Hons) in Software Engineering,4,2.12,1.72,1.25,1.8,1.9,2.51,3.56,1,3,1,2,5,UI/UX Design,1,1,0,1,2,0,0,3,0,2,0,1,1,2,1,0,0,0,2,1,3,0,2,3,3
STU_1075,Praveen Cooray,D/IT/23/1075,BSc (Hons) in Information Technology,2,3.2,3.89,3.15,3.46,2.98,2.92,2.79,3,3,2,5,3,Software Engineering,1,1,0,1,3,0,1,2,1,1,0,0,0,1,1,1,1,0,1,1,0,0,1,1,1
STU_1114,Sanduni Senaratne,D/IT/22/1114,BSc (Hons) in Information Technology,3,3.28,3.6,2.88,3.86,3.33,2.59,3.45,4,3,2,3,4,Software Engineering,0,1,2,2,3,1,0,0,2,0,0,0,0,0,2,0,0,1,1,0,1,0,0,3,1
STU_1466,Kasun Karunaratne,D/CS/21/1466,BSc (Hons) in Computer Science,4,3.36,2.48,3.48,4.0,3.86,3.34,3.01,2,2,4,4,2,Cybersecurity,1,2,0,2,1,0,2,1,0,3,2,3,2,2,2,0,1,0,0,0,0,2,1,1,2
STU_1449,Minoli Wickramasinghe,D/SE/24/1449,BSc (Hons) in Software Engineering,1,2.72,3.21,2.43,2.96,3.07,2.2,2.42,3,3,3,4,3,Software Engineering,3,0,2,0,0,0,3,1,1,0,2,0,1,2,1,0,0,2,2,0,0,0,1,2,0
STU_1105,Anushka Senaratne,D/IS/22/1105,BSc (Hons) in Information Systems,3,3.09,2.96,3.23,2.83,2.94,2.61,4.0,1,1,3,2,5,UI/UX Design,0,1,0,0,1,0,0,0,1,0,1,0,3,2,0,1,1,3,1,0,2,2,2,1,3
STU_1115,Amal Liyanage,D/SE/24/1115,BSc (Hons) in Software Engineering,1,2.46,1.89,2.51,2.57,2.6,3.04,2.17,2,2,4,2,3,Cybersecurity,0,0,0,0,2,1,0,2,0,0,2,1,3,1,2,0,0,0,1,1,2,0,0,0,1
STU_1334,Rashmi Peiris,D/CE/24/1334,BSc (Hons) in Computer Engineering,1,2.75,2.52,2.51,2.9,3.06,3.64,1.86,3,2,4,3,3,Cybersecurity,0,2,0,0,1,1,0,0,2,0,1,1,1,3,1,0,0,0,1,0,0,1,0,1,0
STU_1093,Shanika Perera,D/IT/23/1093,BSc (Hons) in Information Technology,2,2.89,2.83,2.02,2.99,3.64,3.32,2.55,2,1,4,5,2,Cloud / DevOps,1,0,0,0,1,0,1,0,1,0,0,1,3,0,2,1,1,1,0,0,1,0,2,0,0
STU_1785,Kasun Peiris,D/CS/22/1785,BSc (Hons) in Computer Science,3,2.84,3.09,2.67,2.5,3.06,2.8,2.89,3,2,5,3,1,Cybersecurity,0,0,1,1,1,2,0,0,0,0,1,3,3,3,2,1,1,0,1,3,0,0,0,0,1
STU_1090,Fathima Gamage,D/CE/24/1090,BSc (Hons) in Computer Engineering,1,2.73,2.52,2.84,2.55,3.11,3.22,2.14,2,2,3,5,3,Cloud / DevOps,3,1,1,0,2,0,1,0,0,1,1,1,0,0,0,0,1,0,1,1,0,0,0,0,0
STU_1811,Fathima Liyanage,D/IT/22/1811,BSc (Hons) in Information Technology,3,3.58,3.98,3.25,3.7,3.63,3.46,3.49,1,1,3,1,4,UI/UX Design,1,1,0,0,1,0,0,1,2,1,0,0,0,1,0,0,0,2,1,2,1,0,0,3,1
STU_1781,Amal Bandara,D/CE/22/1781,BSc (Hons) in Computer Engineering,3,2.32,2.25,1.94,2.51,2.37,2.78,2.09,2,1,4,5,1,Cloud / DevOps,2,0,2,2,1,1,0,1,1,0,0,0,3,0,0,1,1,2,0,3,1,1,0,1,0
STU_1792,Kavindu Peiris,D/IT/21/1792,BSc (Hons) in Information Technology,4,2.32,2.1,2.49,2.74,2.64,2.41,1.57,4,3,1,3,2,Software Engineering,3,1,0,3,2,0,1,1,2,0,0,1,1,1,3,0,0,0,0,1,1,0,0,1,2
STU_1523,Dinithi Bandara,D/IT/23/1523,BSc (Hons) in Information Technology,2,3.36,3.14,3.09,2.72,3.69,4.0,3.49,3,2,2,3,2,Cybersecurity,3,0,0,2,1,2,0,2,1,0,2,1,0,0,2,3,0,0,0,1,0,0,0,1,2
STU_1528,Chathuri Herath,D/IT/23/1528,BSc (Hons) in Information Technology,2,2.8,2.09,2.87,2.84,3.74,2.7,2.52,1,1,4,5,2,Cybersecurity,0,0,2,0,1,2,0,2,3,0,1,1,2,1,2,3,2,2,1,2,0,1,1,0,0
STU_1095,Nimal Tharumila,D/DBA/23/1095,BSc (Hons) in Data Science & Business Analytics,2,2.64,2.85,2.84,2.91,2.29,2.77,2.17,1,4,1,2,3,Data Science / AI,2,0,1,1,0,1,1,2,1,3,0,1,2,1,0,0,1,0,0,1,1,0,0,0,1
STU_1012,Hasitha Dissanayake,D/CS/22/1012,BSc (Hons) in Computer Science,3,3.47,3.75,3.43,3.26,3.68,3.55,3.18,1,2,4,3,2,Cybersecurity,1,0,0,0,3,1,3,3,1,1,3,3,1,2,1,2,1,0,1,1,0,0,1,1,1
STU_1789,Akila Dissanayake,D/SE/23/1789,BSc (Hons) in Software Engineering,2,3.3,3.2,3.75,3.25,2.99,3.35,3.25,4,4,4,5,2,Software Engineering,2,1,1,0,0,2,0,0,1,2,0,3,2,2,0,0,0,0,1,0,0,1,0,1,0
STU_1044,Sahan Rathnayake,D/IS/24/1044,BSc (Hons) in Information Systems,1,2.87,2.2,3.07,2.72,3.34,2.71,3.19,2,2,2,4,4,UI/UX Design,1,0,0,1,0,1,1,3,0,1,1,0,0,1,0,0,0,1,1,1,1,0,1,1,0
STU_1043,Senuri Wijesinghe,D/IS/24/1043,BSc (Hons) in Information Systems,1,3.0,2.58,2.79,3.48,2.95,2.44,3.76,3,2,3,2,4,UI/UX Design,2,0,1,1,1,1,0,1,1,2,1,1,0,1,1,1,1,2,0,0,0,1,1,2,1
STU_1330,Rashmi Rajapaksha,D/DBA/23/1330,BSc (Hons) in Data Science & Business Analytics,2,2.3,3.06,2.94,2.02,1.46,1.83,2.49,4,3,2,3,4,Software Engineering,1,3,1,0,3,1,0,3,1,0,1,0,2,0,0,1,1,0,2,1,0,0,1,1,0
STU_1168,Nuwan Gamage,D/IT/22/1168,BSc (Hons) in Information Technology,3,2.67,3.8,2.06,2.42,2.85,2.52,2.35,1,3,3,3,3,Cybersecurity,0,0,1,0,1,1,0,1,1,1,0,3,2,1,1,0,1,2,1,2,0,0,2,1,0
STU_1744,Kavindu Fonseka,D/IT/22/1744,BSc (Hons) in Information Technology,3,3.28,4.0,3.08,2.93,3.54,3.75,2.38,2,2,3,2,2,Cybersecurity,0,1,1,2,1,0,0,1,1,0,3,2,3,1,0,0,0,2,0,1,0,0,0,0,1
STU_1517,Maleesha Mendis,D/SE/23/1517,BSc (Hons) in Software Engineering,2,2.66,2.88,2.31,2.87,1.94,2.85,3.14,3,3,2,1,4,UI/UX Design,1,1,0,0,1,2,0,1,1,0,0,2,0,1,2,0,0,2,1,0,1,1,1,1,3
STU_1661,Praveen Alwis,D/SE/23/1661,BSc (Hons) in Software Engineering,2,3.08,3.64,3.62,2.88,2.94,2.85,2.54,3,2,2,3,3,Software Engineering,2,3,3,1,1,0,1,1,3,0,0,0,2,0,1,0,0,0,0,0,0,2,3,1,0
STU_1663,Kasun Jayasinghe,D/IS/22/1663,BSc (Hons) in Information Systems,3,3.05,3.29,3.58,2.72,2.91,2.59,3.22,2,3,3,2,2,UI/UX Design,2,1,1,0,2,0,0,2,2,0,0,1,2,1,0,2,1,1,0,0,2,1,2,2,1
STU_1179,Minoli Jayasinghe,D/IS/23/1179,BSc (Hons) in Information Systems,2,3.12,3.32,2.55,2.73,2.7,3.44,3.95,2,3,1,3,3,UI/UX Design,0,0,0,1,2,0,0,3,1,2,2,1,0,1,1,1,0,0,0,0,1,1,1,1,1
STU_1816,Chamari Mendis,D/IS/24/1816,BSc (Hons) in Information Systems,1,3.04,2.53,2.63,2.93,4.0,3.57,2.61,2,3,5,4,1,Cybersecurity,0,0,0,1,1,0,1,1,1,0,2,2,0,1,2,1,1,1,0,1,0,0,2,2,1
STU_1570,Kavinda Rajapaksha,D/IT/22/1570,BSc (Hons) in Information Technology,3,2.81,3.03,1.76,2.91,3.04,3.18,2.96,4,4,2,4,2,Software Engineering,1,1,2,1,1,0,1,2,2,1,1,0,0,1,2,0,0,1,0,1,1,1,3,1,1
STU_1178,Shanika Rajapaksha,D/SE/24/1178,BSc (Hons) in Software Engineering,1,3.08,4.0,3.49,2.91,2.49,2.63,2.96,4,1,3,2,1,Software Engineering,0,2,0,3,2,1,1,1,1,1,0,0,1,1,2,0,1,0,0,0,0,0,0,2,0
STU_1584,Nuwan Senaratne,D/CS/23/1584,BSc (Hons) in Computer Science,2,3.12,3.79,2.73,3.04,3.02,2.98,3.14,3,5,2,1,1,Data Science / AI,1,3,0,2,2,2,1,1,0,3,2,1,1,0,3,0,2,0,0,1,0,0,2,1,1
STU_1679,Sachini Peiris,D/CS/23/1679,BSc (Hons) in Computer Science,2,3.14,3.06,2.68,4.0,2.48,3.73,2.9,4,3,3,2,2,Software Engineering,1,2,1,2,1,1,2,1,3,0,2,1,2,0,2,2,0,1,1,0,0,1,0,0,0
STU_1591,Nuwan Mendis,D/DBA/23/1591,BSc (Hons) in Data Science & Business Analytics,2,3.64,3.73,3.52,4.0,3.63,4.0,2.95,3,2,2,3,2,Software Engineering,0,1,1,2,3,1,0,2,1,0,0,0,2,0,1,0,1,1,0,1,1,1,1,1,0
STU_1258,Chamari Rathnayake,D/IT/23/1258,BSc (Hons) in Information Technology,2,3.14,3.82,2.63,3.28,3.01,2.93,3.15,4,5,3,5,2,Software Engineering,1,2,1,1,1,0,1,0,1,0,1,0,1,0,1,0,2,1,0,1,2,0,1,0,1
STU_1568,Maleesha Ahamad,D/CS/22/1568,BSc (Hons) in Computer Science,3,3.23,3.87,3.05,3.62,2.99,3.14,2.7,4,4,1,3,3,Software Engineering,2,1,2,3,3,1,0,0,1,0,0,1,0,0,2,2,2,1,0,0,2,2,1,1,0
STU_1336,Chathuri Ahamad,D/IS/21/1336,BSc (Hons) in Information Systems,4,2.52,2.8,2.86,2.36,3.28,2.48,1.35,2,4,2,4,2,Cloud / DevOps,0,0,0,1,2,0,1,1,1,0,3,0,3,0,1,3,2,3,3,2,0,0,1,1,0
STU_1531,Oshada Rajapaksha,D/SE/23/1531,BSc (Hons) in Software Engineering,2,3.23,3.02,3.53,3.0,3.07,3.15,3.63,2,2,3,1,2,Cybersecurity,1,2,0,0,3,1,1,0,0,1,1,0,1,3,1,0,0,1,1,1,0,0,0,1,1
STU_1016,Fathima Wijesinghe,D/IS/22/1016,BSc (Hons) in Information Systems,3,2.57,3.66,2.17,2.71,2.32,1.79,2.76,4,3,2,4,3,Software Engineering,2,2,2,2,2,1,0,1,1,0,0,0,1,1,3,0,2,1,0,2,3,0,0,3,1
STU_1004,Akila Dissanayake,D/CS/24/1004,BSc (Hons) in Computer Science,1,3.28,3.27,3.1,3.78,3.12,3.33,3.06,4,4,3,1,4,Software Engineering,1,1,0,1,1,1,0,3,1,1,1,0,1,1,2,0,0,1,1,0,0,2,0,1,1
STU_1406,Sanduni Karunaratne,D/IS/22/1406,BSc (Hons) in Information Systems,3,2.96,3.25,3.5,2.68,2.7,2.9,2.72,4,2,2,4,3,Software Engineering,3,1,0,3,1,1,1,1,1,1,2,0,1,0,1,2,2,3,1,1,0,1,1,3,1
STU_1257,Kasun Wijesinghe,D/CS/22/1257,BSc (Hons) in Computer Science,3,2.38,3.07,2.69,2.69,1.79,2.33,1.73,4,5,2,2,2,Data Science / AI,3,0,2,1,2,3,3,1,3,1,1,1,0,1,1,1,0,0,1,0,0,1,0,1,1
STU_1412,Akila Gunawardena,D/CE/22/1412,BSc (Hons) in Computer Engineering,3,3.41,3.69,2.91,3.14,3.62,4.0,3.08,5,2,5,3,1,Cloud / DevOps,2,0,1,2,3,0,3,1,0,0,1,1,1,0,0,2,1,1,2,3,0,0,0,0,2
STU_1433,Shanika Karunaratne,D/CE/23/1433,BSc (Hons) in Computer Engineering,2,3.17,3.06,3.66,3.1,3.89,2.81,2.52,3,3,3,4,2,Cybersecurity,1,0,1,1,1,1,1,1,0,0,1,0,1,0,3,0,0,1,0,0,0,0,0,0,2
STU_1376,Vihan Alwis,D/IT/22/1376,BSc (Hons) in Information Technology,3,3.05,3.2,2.77,3.05,3.55,3.0,2.71,2,3,4,5,2,Cloud / DevOps,0,0,3,1,2,0,0,1,2,2,0,1,3,1,0,3,3,3,1,2,2,0,1,0,1
STU_1223,Nuwan Jayasinghe,D/CE/21/1223,BSc (Hons) in Computer Engineering,4,2.01,2.38,2.08,1.93,2.28,1.16,2.2,5,3,2,4,2,Software Engineering,1,2,2,1,1,0,0,1,2,1,1,1,3,0,2,0,0,0,1,0,0,3,1,3,1
STU_1714,Nuwan Silva,D/DBA/23/1714,BSc (Hons) in Data Science & Business Analytics,2,3.82,4.0,4.0,3.97,3.69,3.75,3.5,4,4,2,1,1,Data Science / AI,1,2,0,2,1,0,2,3,1,1,0,1,0,0,1,0,0,2,2,2,0,2,1,0,1
STU_1413,Nimal Peiris,D/SE/22/1413,BSc (Hons) in Software Engineering,3,2.77,3.05,2.85,3.2,1.93,2.46,3.15,2,4,2,3,4,UI/UX Design,0,0,0,1,2,2,1,0,0,1,1,0,0,1,1,0,0,0,2,0,2,2,0,2,1
STU_1382,Nimal Wickramasinghe,D/IS/23/1382,BSc (Hons) in Information Systems,2,3.27,3.55,4.0,3.72,2.1,2.99,3.25,4,2,2,4,1,Software Engineering,2,1,0,1,1,0,2,0,0,0,2,1,3,0,1,1,1,1,0,0,0,1,1,2,0
STU_1325,Anushka Peiris,D/DBA/24/1325,BSc (Hons) in Data Science & Business Analytics,1,2.86,2.12,2.65,2.94,3.07,2.75,3.66,2,2,1,1,3,UI/UX Design,2,1,0,0,2,0,1,1,1,0,1,2,0,1,0,0,2,0,2,1,3,2,0,1,1
STU_1676,Nimal Gamage,D/SE/24/1676,BSc (Hons) in Software Engineering,1,2.79,2.52,2.28,2.51,2.99,3.53,2.94,4,2,4,4,2,Cloud / DevOps,3,0,2,1,0,1,1,1,0,1,0,1,0,0,0,1,3,0,0,1,1,0,0,1,0
STU_1010,Kavindu Abeysekara,D/IT/22/1010,BSc (Hons) in Information Technology,3,2.74,1.94,2.9,2.89,3.23,3.18,2.32,1,2,3,4,2,Cybersecurity,1,0,0,1,2,0,0,1,0,1,2,1,1,3,2,0,1,2,3,1,0,0,1,1,0
STU_1250,Vihan Fernando,D/IT/22/1250,BSc (Hons) in Information Technology,3,2.83,1.82,2.47,2.31,4.0,3.42,2.98,3,3,4,4,3,Cloud / DevOps,0,1,3,1,0,0,3,0,0,0,2,0,2,1,0,3,2,2,3,3,0,0,1,0,2
STU_1023,Hasitha Bandara,D/IT/22/1023,BSc (Hons) in Information Technology,3,3.29,2.92,3.38,3.69,3.95,3.02,2.76,2,2,5,3,1,Cybersecurity,2,1,1,1,2,2,0,0,0,3,3,0,2,3,1,1,2,0,1,0,2,3,2,0,2
STU_1357,Aqeel Fonseka,D/SE/22/1357,BSc (Hons) in Software Engineering,3,3.34,3.67,3.42,3.34,3.22,3.6,2.78,3,4,2,2,2,Software Engineering,1,1,1,1,3,0,0,0,3,1,1,0,2,0,1,1,1,1,2,2,0,0,0,3,0
STU_1222,Anushka Rajapaksha,D/CS/22/1222,BSc (Hons) in Computer Science,3,3.23,3.84,2.16,3.08,3.65,2.62,4.0,3,2,1,2,5,UI/UX Design,1,1,1,0,3,0,3,1,0,2,0,1,2,2,3,0,1,0,0,2,2,2,2,2,3
STU_1807,Minoli Fonseka,D/IT/23/1807,BSc (Hons) in Information Technology,2,2.36,3.2,2.06,2.16,2.41,2.18,2.19,1,2,1,1,3,UI/UX Design,0,0,0,1,0,0,0,3,2,2,1,1,2,1,0,0,1,1,0,0,2,1,2,3,1
STU_1731,Praveen Cooray,D/SE/21/1731,BSc (Hons) in Software Engineering,4,3.14,4.0,2.83,3.34,3.19,2.65,2.86,5,2,2,2,3,Software Engineering,0,2,2,0,1,1,0,2,1,0,1,1,1,0,0,1,0,1,1,1,1,1,0,2,0
STU_1835,Fathima Peiris,D/IS/21/1835,BSc (Hons) in Information Systems,4,2.2,2.18,2.88,2.86,2.23,1.41,1.64,3,5,3,4,2,Data Science / AI,1,1,0,2,2,3,2,3,3,2,0,0,2,1,0,1,1,0,0,0,0,0,1,0,0
STU_1638,Anushka Abeysekara,D/IT/23/1638,BSc (Hons) in Information Technology,2,2.71,2.77,2.63,2.82,2.57,2.79,2.65,4,3,5,2,2,Software Engineering,1,1,1,1,1,0,0,3,3,1,3,3,1,0,3,1,0,1,0,0,0,0,0,2,0
STU_1341,Hasitha Perera,D/SE/23/1341,BSc (Hons) in Software Engineering,2,2.92,2.41,3.35,2.91,3.03,3.05,2.78,3,1,2,1,4,UI/UX Design,0,1,3,0,1,0,2,1,2,0,1,0,1,0,0,1,1,0,3,0,3,0,3,0,1
STU_1711,Chathuri Dissanayake,D/SE/22/1711,BSc (Hons) in Software Engineering,3,2.62,2.41,2.69,2.77,2.54,3.09,2.23,3,3,5,3,2,Cloud / DevOps,0,0,3,0,0,1,0,0,2,0,2,1,1,0,1,2,2,3,3,2,2,0,0,1,0
STU_1204,Buddhika Bandara,D/DBA/24/1204,BSc (Hons) in Data Science & Business Analytics,1,3.64,4.0,3.85,3.13,3.89,4.0,2.96,3,2,4,4,3,Cloud / DevOps,0,0,1,0,1,0,1,0,1,1,1,3,0,0,0,1,2,1,1,1,3,2,0,0,1
STU_1238,Dulan Rajapaksha,D/SE/22/1238,BSc (Hons) in Software Engineering,3,2.85,2.97,2.42,4.0,2.63,2.24,2.83,5,3,3,2,2,Software Engineering,2,2,2,2,3,0,0,2,1,3,0,2,0,0,0,1,2,0,2,1,1,2,0,2,2
STU_1094,Amal Fonseka,D/CE/21/1094,BSc (Hons) in Computer Engineering,4,3.49,3.02,3.75,4.0,4.0,3.39,2.8,2,2,4,4,2,Cybersecurity,2,0,0,1,3,0,0,0,2,1,1,1,3,0,2,1,0,0,1,2,1,2,1,1,0
STU_1457,Kavindu Karunaratne,D/CE/23/1457,BSc (Hons) in Computer Engineering,2,2.94,3.21,2.76,3.86,2.92,2.31,2.6,5,2,1,3,3,Software Engineering,0,2,2,0,3,1,0,0,2,0,0,0,2,1,1,0,1,1,0,1,0,1,0,1,2
STU_1778,Tharindu Alwis,D/SE/22/1778,BSc (Hons) in Software Engineering,3,2.9,2.64,2.69,3.19,3.35,3.08,2.48,2,2,4,5,3,Cybersecurity,2,1,2,2,3,0,2,1,1,0,2,1,1,2,2,2,1,1,0,1,0,2,0,0,0
STU_1539,Sahan Jayasinghe,D/CS/21/1539,BSc (Hons) in Computer Science,4,3.58,4.0,3.07,3.92,3.31,3.49,3.68,4,4,3,2,2,Software Engineering,0,2,3,3,2,0,0,0,2,1,1,1,1,2,2,0,0,1,0,0,0,1,1,2,2
STU_1285,Kavindu Wijesinghe,D/CS/22/1285,BSc (Hons) in Computer Science,3,3.41,4.0,3.29,3.59,3.52,2.92,3.14,4,4,1,1,2,Data Science / AI,1,1,0,1,3,1,2,2,2,2,0,1,2,0,0,0,0,1,0,0,1,0,1,1,0
STU_1185,Kavindu Peiris,D/SE/21/1185,BSc (Hons) in Software Engineering,4,2.48,2.6,2.66,2.05,2.79,2.76,2.01,2,2,3,4,1,Cloud / DevOps,1,0,1,1,1,0,0,1,1,1,1,1,0,2,0,2,3,2,3,2,2,1,3,2,2
STU_1688,Chamari Rajapaksha,D/DBA/22/1688,BSc (Hons) in Data Science & Business Analytics,3,2.76,3.06,3.14,2.82,2.84,2.46,2.22,3,3,1,3,3,Data Science / AI,2,1,1,2,2,3,2,2,3,0,1,3,1,2,0,1,2,0,0,0,0,0,2,2,1
STU_1630,Kavindu Herath,D/CS/22/1630,BSc (Hons) in Computer Science,3,3.05,3.31,3.51,3.23,2.64,2.78,2.86,4,4,2,2,2,Software Engineering,1,1,2,2,3,0,0,1,1,2,0,1,0,0,3,0,3,1,2,3,0,1,0,2,1
STU_1154,Kasun Mendis,D/CS/22/1154,BSc (Hons) in Computer Science,3,2.9,3.39,2.63,3.43,2.82,3.06,2.1,3,2,3,4,1,Cloud / DevOps,0,0,1,0,2,1,1,0,1,0,1,0,0,1,0,1,1,3,3,2,0,1,3,2,0
STU_1076,Ravindu Ahamad,D/CE/21/1076,BSc (Hons) in Computer Engineering,4,3.79,4.0,3.9,4.0,3.1,3.72,4.0,4,2,1,2,2,Software Engineering,1,2,3,2,1,0,1,0,3,1,1,0,2,0,3,1,0,0,0,1,0,1,0,2,1
STU_1501,Oshada Senaratne,D/DBA/24/1501,BSc (Hons) in Data Science & Business Analytics,1,2.67,3.2,2.44,2.87,2.76,2.75,2.01,4,5,3,3,4,Software Engineering,0,3,1,1,3,2,1,0,3,1,0,1,1,2,1,1,2,1,1,2,0,0,2,1,0
STU_1530,Praveen Cooray,D/CS/21/1530,BSc (Hons) in Computer Science,4,3.57,2.96,4.0,3.73,3.82,3.56,3.36,3,2,5,4,1,Cloud / DevOps,1,3,3,0,3,0,1,2,1,1,0,0,2,3,0,3,3,1,2,2,0,0,3,1,0
STU_1278,Sewwandi Bandara,D/DBA/21/1278,BSc (Hons) in Data Science & Business Analytics,4,2.51,2.41,2.49,2.13,2.9,3.19,1.92,3,3,3,4,2,Cybersecurity,0,1,0,0,2,2,0,0,1,0,3,3,1,2,3,0,1,0,1,0,1,0,0,2,0
STU_1069,Senuri Rajapaksha,D/IT/22/1069,BSc (Hons) in Information Technology,3,3.12,2.57,2.81,3.14,3.78,3.86,2.54,2,2,3,3,1,Cloud / DevOps,1,3,0,0,1,3,0,0,2,1,0,0,2,0,0,2,1,1,2,3,1,0,0,2,0
STU_1544,Buddhika Rajapaksha,D/SE/22/1544,BSc (Hons) in Software Engineering,3,3.04,3.02,2.9,3.85,2.59,3.05,2.81,4,2,2,3,3,Software Engineering,3,2,2,2,2,0,1,2,2,2,2,0,1,1,2,0,0,3,0,1,2,1,1,2,0
STU_1189,Shanika Karunaratne,D/CE/23/1189,BSc (Hons) in Computer Engineering,2,3.06,3.56,2.87,3.45,2.44,3.06,2.95,5,2,2,5,2,Software Engineering,1,1,1,1,1,0,0,0,1,1,0,1,1,1,2,0,0,2,1,2,1,0,0,1,0
STU_1272,Maleesha Karunaratne,D/CS/21/1272,BSc (Hons) in Computer Science,4,2.64,1.89,2.13,2.72,3.19,3.38,2.5,3,2,3,5,3,Cloud / DevOps,1,0,1,0,1,1,1,1,1,0,0,0,3,1,0,1,3,3,2,2,0,3,1,0,2
STU_1636,Methmi Karunaratne,D/SE/23/1636,BSc (Hons) in Software Engineering,2,3.0,1.98,2.73,3.26,3.12,3.65,3.22,3,2,4,5,1,Cloud / DevOps,1,1,1,0,0,0,1,0,1,0,0,0,1,1,3,2,1,1,3,1,1,1,1,1,1
STU_1535,Ishara Liyanage,D/SE/24/1535,BSc (Hons) in Software Engineering,1,3.01,3.24,2.72,2.91,3.09,2.99,3.09,4,2,2,4,1,Software Engineering,1,2,1,2,1,0,1,1,1,1,1,0,3,1,1,0,1,0,0,0,1,0,1,1,0
STU_1237,Dilshan Senaratne,D/CE/24/1237,BSc (Hons) in Computer Engineering,1,2.56,3.15,2.49,2.47,1.73,2.38,3.11,4,3,3,2,3,Data Science / AI,1,0,1,0,0,1,1,1,1,1,1,1,2,1,1,1,2,0,0,1,1,0,2,0,1
STU_1089,Aqeel Gamage,D/IT/23/1089,BSc (Hons) in Information Technology,2,2.44,2.27,2.01,2.36,2.74,3.02,2.24,4,1,4,3,1,Cloud / DevOps,2,1,1,0,1,1,0,1,3,0,0,0,1,0,0,2,1,1,3,2,0,1,0,1,1
STU_1722,Dilshan Bandara,D/CE/22/1722,BSc (Hons) in Computer Engineering,3,2.75,2.13,2.13,3.04,2.96,3.64,2.6,3,2,5,5,2,Cybersecurity,2,1,1,0,1,0,1,0,2,0,0,2,1,2,2,0,2,0,0,2,0,0,0,0,0
STU_1118,Anushka Karunaratne,D/DBA/23/1118,BSc (Hons) in Data Science & Business Analytics,2,3.5,4.0,4.0,4.0,3.16,3.03,2.79,2,5,2,3,2,Data Science / AI,0,2,0,0,2,1,1,1,2,1,0,0,1,0,0,0,0,1,2,0,1,1,0,1,0
STU_1126,Fathima Tharumila,D/SE/23/1126,BSc (Hons) in Software Engineering,2,2.79,2.49,2.88,3.2,2.72,2.89,2.59,3,4,1,2,2,Software Engineering,3,0,2,2,2,3,3,0,2,1,1,0,2,3,3,0,0,0,1,1,0,0,0,1,2
STU_1699,Praveen Perera,D/CS/23/1699,BSc (Hons) in Computer Science,2,3.29,3.05,3.2,3.61,3.3,3.44,3.15,2,5,1,1,2,Data Science / AI,2,1,1,0,2,1,2,1,1,1,1,1,3,0,1,1,1,1,0,1,0,0,0,0,0
STU_1290,Sahan Peiris,D/SE/21/1290,BSc (Hons) in Software Engineering,4,3.4,4.0,3.07,3.84,2.94,2.67,3.89,5,3,3,2,2,Software Engineering,2,3,3,3,0,0,0,1,1,0,1,0,2,0,2,0,2,0,0,0,0,2,0,3,0
STU_1239,Ravindu Fonseka,D/CE/23/1239,BSc (Hons) in Computer Engineering,2,3.14,3.1,2.59,3.32,3.32,3.42,3.08,4,4,4,4,4,Cloud / DevOps,0,0,0,1,0,1,0,2,1,0,2,0,3,0,0,2,2,1,3,1,1,0,0,2,2
STU_1001,Aqeel Mendis,D/IS/22/1001,BSc (Hons) in Information Systems,3,2.79,3.37,2.66,2.91,2.69,2.6,2.52,3,3,1,2,4,UI/UX Design,1,0,1,0,2,1,0,2,0,0,2,2,2,0,0,1,0,0,0,0,3,1,2,1,2
STU_1842,Anushka Fernando,D/CS/23/1842,BSc (Hons) in Computer Science,2,2.83,3.03,3.03,3.82,2.43,2.39,2.28,1,2,4,3,2,Software Engineering,1,2,1,2,1,1,0,2,2,1,0,2,1,1,1,1,2,0,1,0,0,1,0,1,0
STU_1427,Kavindi Silva,D/CS/21/1427,BSc (Hons) in Computer Science,4,2.78,3.31,2.87,2.87,2.97,1.96,2.69,3,4,1,2,1,Data Science / AI,0,2,1,2,0,1,1,2,3,2,0,0,0,1,0,1,1,0,0,1,1,0,0,0,0
STU_1741,Nimal Herath,D/IT/21/1741,BSc (Hons) in Information Technology,4,3.84,3.38,3.68,4.0,4.0,4.0,4.0,2,3,5,4,3,Cybersecurity,2,1,0,0,3,2,0,1,2,1,2,0,2,3,2,1,0,3,1,1,2,2,1,1,1
STU_1396,Rashmi Alwis,D/DBA/21/1396,BSc (Hons) in Data Science & Business Analytics,4,3.41,2.94,4.0,3.23,3.5,2.91,3.85,3,3,1,2,4,UI/UX Design,0,1,0,3,2,1,0,2,1,0,1,1,0,0,1,1,0,2,2,0,1,2,3,2,2
STU_1508,Aqeel Silva,D/SE/21/1508,BSc (Hons) in Software Engineering,4,3.86,3.64,4.0,3.63,4.0,4.0,3.92,1,2,3,3,3,UI/UX Design,1,0,0,0,2,0,0,2,2,1,0,0,2,1,0,2,0,0,0,0,3,0,1,2,2
STU_1127,Methmi Rajapaksha,D/CS/22/1127,BSc (Hons) in Computer Science,3,2.91,3.41,2.09,3.09,3.22,3.33,2.32,5,2,2,3,3,Software Engineering,2,3,3,2,2,0,1,1,1,0,1,2,0,1,1,0,2,1,1,0,2,0,0,2,0
STU_1279,Minoli Liyanage,D/IT/23/1279,BSc (Hons) in Information Technology,2,3.44,3.84,3.1,3.24,2.44,4.0,4.0,3,3,2,2,4,UI/UX Design,0,0,1,1,0,0,1,1,1,0,1,0,0,1,1,0,0,1,0,0,1,0,0,2,2
STU_1660,Rashmi Fonseka,D/IS/22/1660,BSc (Hons) in Information Systems,3,2.52,2.01,2.69,2.52,3.09,2.41,2.4,1,3,1,1,4,UI/UX Design,1,2,1,0,3,0,0,1,0,0,1,1,1,1,1,0,1,1,2,0,0,2,3,1,2
STU_1117,Sachini Rathnayake,D/SE/22/1117,BSc (Hons) in Software Engineering,3,3.19,3.53,4.0,3.5,2.52,2.91,2.7,4,2,2,3,3,Software Engineering,3,2,1,2,3,0,2,0,3,1,1,0,0,0,1,0,0,0,1,1,0,3,0,2,0
STU_1229,Maleesha Ahamad,D/DBA/21/1229,BSc (Hons) in Data Science & Business Analytics,4,2.88,3.76,2.9,2.83,2.02,2.42,3.32,3,5,3,2,2,Data Science / AI,1,2,2,0,0,3,3,3,3,2,0,0,1,0,1,0,0,0,0,0,1,1,0,0,0
STU_1598,Sahan Herath,D/CS/21/1598,BSc (Hons) in Computer Science,4,2.67,2.35,2.27,2.71,2.92,3.15,2.58,1,3,1,2,3,Data Science / AI,2,1,1,1,2,2,1,2,2,3,0,0,2,0,0,0,0,0,0,1,0,1,1,0,0
STU_1465,Vihan Dissanayake,D/IT/24/1465,BSc (Hons) in Information Technology,1,3.53,3.54,3.22,2.82,3.79,3.86,3.93,3,1,4,5,3,Cloud / DevOps,0,0,1,0,1,1,0,1,3,1,1,2,1,0,0,2,2,3,1,2,0,1,2,0,0
STU_1480,Nimal Herath,D/IS/22/1480,BSc (Hons) in Information Systems,3,2.91,2.8,2.61,3.06,2.59,2.51,3.86,2,2,3,2,5,UI/UX Design,0,0,1,0,2,1,0,0,1,0,1,1,1,0,1,1,3,1,1,0,2,3,1,1,1
STU_1275,Praveen Rathnayake,D/SE/23/1275,BSc (Hons) in Software Engineering,2,3.37,3.02,3.39,3.23,3.9,4.0,2.69,2,2,5,3,4,Cloud / DevOps,1,1,0,0,0,0,0,0,2,0,0,0,1,0,1,3,0,1,1,3,1,2,0,3,0
STU_1319,Senuri Fernando,D/CE/22/1319,BSc (Hons) in Computer Engineering,3,3.67,3.24,3.52,3.65,4.0,4.0,3.61,2,3,4,2,2,Cybersecurity,0,0,0,0,2,3,0,0,1,1,2,0,0,1,1,1,0,2,2,3,2,0,0,0,1
STU_1582,Kavinda Karunaratne,D/DBA/22/1582,BSc (Hons) in Data Science & Business Analytics,3,3.3,2.83,3.23,2.39,4.0,4.0,3.35,4,2,2,3,3,Cloud / DevOps,1,0,2,3,1,1,1,0,3,0,2,0,1,0,0,3,0,2,1,3,1,0,0,1,0
STU_1145,Praveen Senaratne,D/IS/22/1145,BSc (Hons) in Information Systems,3,3.68,2.95,3.54,4.0,3.58,4.0,4.0,2,3,2,2,5,UI/UX Design,0,0,0,1,1,0,0,1,1,2,1,1,2,0,2,0,0,1,0,1,2,3,2,1,2
STU_1619,Rashmi Liyanage,D/DBA/22/1619,BSc (Hons) in Data Science & Business Analytics,3,2.71,2.82,3.67,2.39,2.72,2.67,2.01,3,5,4,4,1,Software Engineering,2,2,1,2,3,3,2,0,2,0,0,0,0,1,2,0,1,1,1,1,0,0,1,1,1
STU_1538,Kavindu Rathnayake,D/CS/24/1538,BSc (Hons) in Computer Science,1,3.48,3.65,4.0,3.43,2.89,3.07,3.84,2,5,4,2,2,Data Science / AI,0,1,0,1,2,3,2,0,1,1,0,1,1,0,1,1,0,0,2,1,0,0,0,0,1
STU_1773,Rashmi Jayasinghe,D/CE/22/1773,BSc (Hons) in Computer Engineering,3,2.63,2.49,2.91,2.2,2.84,2.83,2.54,2,2,3,2,2,Cybersecurity,2,0,0,0,1,0,0,2,2,2,1,2,1,2,3,1,0,0,0,0,0,0,0,0,0
STU_1617,Dulan Rajapaksha,D/CE/22/1617,BSc (Hons) in Computer Engineering,3,2.58,2.21,3.15,2.73,2.68,2.27,2.44,3,2,4,2,2,Cybersecurity,2,0,0,2,3,1,2,1,1,3,2,2,2,3,1,0,0,0,0,1,1,0,1,0,0
STU_1370,Ishara Ahamad,D/CS/22/1370,BSc (Hons) in Computer Science,3,2.79,3.22,3.13,3.19,2.24,2.38,2.59,3,2,3,3,2,Data Science / AI,3,1,1,1,3,2,1,3,1,0,2,1,2,0,2,0,1,0,0,0,1,0,0,0,0
STU_1269,Hasitha Wijesinghe,D/IS/23/1269,BSc (Hons) in Information Systems,2,3.25,4.0,3.68,3.42,2.75,3.06,2.55,2,3,3,1,2,Data Science / AI,0,1,0,0,2,2,1,0,2,1,0,0,0,1,2,1,1,0,1,0,0,1,2,0,2
STU_1599,Supun Fernando,D/SE/24/1599,BSc (Hons) in Software Engineering,1,3.32,3.48,2.96,4.0,3.55,3.3,2.64,5,3,1,3,3,Software Engineering,0,0,1,0,3,0,0,1,2,1,1,0,2,0,1,2,1,1,0,0,2,1,0,2,0
STU_1308,Dilshan Rajapaksha,D/SE/22/1308,BSc (Hons) in Software Engineering,3,3.3,3.48,3.48,3.64,2.93,3.44,2.86,3,4,2,2,2,Data Science / AI,3,1,1,0,2,1,2,1,3,3,0,0,2,0,0,0,1,1,0,0,0,1,0,0,2
STU_1424,Ishara Wijesinghe,D/SE/23/1424,BSc (Hons) in Software Engineering,2,3.41,3.79,3.88,4.0,3.4,2.65,2.74,5,3,3,3,2,Software Engineering,3,2,1,1,1,0,0,1,1,0,1,0,1,0,1,1,1,0,1,2,0,0,1,0,0
STU_1311,Minoli Cooray,D/DBA/24/1311,BSc (Hons) in Data Science & Business Analytics,1,3.83,4.0,3.37,4.0,3.99,4.0,3.63,3,2,3,4,1,Cloud / DevOps,1,0,1,0,1,0,1,1,3,1,0,0,1,0,2,0,1,1,1,2,1,0,0,2,0
STU_1736,Aqeel Dissanayake,D/IS/23/1736,BSc (Hons) in Information Systems,2,2.97,2.99,3.48,2.8,2.82,3.39,2.32,3,4,4,2,3,Data Science / AI,3,0,0,2,1,2,0,2,0,0,1,0,0,1,2,0,0,1,1,3,0,1,0,0,0
STU_1047,Vihan Ahamad,D/CS/22/1047,BSc (Hons) in Computer Science,3,3.15,3.17,3.43,3.36,2.92,3.47,2.58,4,4,2,2,2,Data Science / AI,3,0,0,2,2,3,3,0,1,2,0,0,3,1,1,1,1,0,0,0,0,1,0,0,0
STU_1350,Anushka Rajapaksha,D/DBA/23/1350,BSc (Hons) in Data Science & Business Analytics,2,2.47,2.99,2.52,2.57,2.03,2.34,2.37,3,5,3,1,2,Data Science / AI,1,0,2,1,1,1,3,1,2,1,0,1,2,1,1,1,1,0,0,2,0,1,1,3,0
STU_1372,Minoli Cooray,D/CE/22/1372,BSc (Hons) in Computer Engineering,3,2.72,3.02,2.09,2.36,2.78,3.16,2.92,1,2,4,4,1,Cloud / DevOps,0,0,2,2,2,0,0,0,1,0,2,0,0,0,0,2,3,0,2,3,1,2,0,0,0
STU_1705,Ravindu Silva,D/IT/23/1705,BSc (Hons) in Information Technology,2,3.29,3.72,3.02,3.39,3.03,2.74,3.85,2,1,3,2,4,UI/UX Design,0,1,1,1,0,1,0,1,1,2,0,2,0,0,1,0,0,0,0,0,2,2,3,2,2
STU_1262,Kavindi Tharumila,D/DBA/22/1262,BSc (Hons) in Data Science & Business Analytics,3,2.99,3.01,3.09,3.28,2.39,2.69,3.45,3,4,1,3,4,UI/UX Design,0,1,1,1,2,0,0,2,1,0,0,0,2,0,2,1,1,1,0,1,2,3,3,0,2
STU_1196,Praveen Fonseka,D/IT/22/1196,BSc (Hons) in Information Technology,3,3.18,2.93,2.44,3.31,3.65,3.49,3.24,2,1,3,4,1,Cloud / DevOps,1,1,1,0,1,0,0,1,1,0,0,1,3,1,0,2,3,3,2,1,0,0,1,0,0
STU_1850,Dinithi Gunawardena,D/CS/24/1850,BSc (Hons) in Computer Science,1,3.17,3.37,2.81,3.89,3.08,3.2,2.7,4,2,3,3,2,Software Engineering,0,1,1,1,0,0,1,1,0,1,1,0,1,0,3,0,0,2,0,1,0,3,1,1,0
STU_1712,Kavindi Cooray,D/IS/23/1712,BSc (Hons) in Information Systems,2,2.56,1.89,2.17,2.0,3.32,3.41,2.59,3,2,2,5,3,Cloud / DevOps,1,0,0,0,1,0,0,0,2,2,0,0,3,1,3,0,2,1,0,3,2,0,2,0,1
STU_1108,Oshada Bandara,D/IS/24/1108,BSc (Hons) in Information Systems,1,3.08,2.62,2.5,3.39,3.52,2.56,3.86,2,2,4,2,4,UI/UX Design,3,1,0,1,3,2,0,2,1,0,0,0,2,0,1,0,0,0,0,0,0,1,1,1,1
STU_1060,Buddhika Senaratne,D/CS/21/1060,BSc (Hons) in Computer Science,4,3.36,3.2,3.32,3.67,3.54,3.42,2.99,2,1,4,3,2,Cybersecurity,1,0,1,3,1,0,0,2,1,0,2,3,0,3,1,1,0,1,0,2,1,1,1,1,0
STU_1667,Dilshan Mendis,D/CE/23/1667,BSc (Hons) in Computer Engineering,2,2.69,3.12,2.74,2.54,2.45,2.79,2.53,5,3,2,3,2,Software Engineering,0,3,0,0,0,1,0,0,2,2,1,0,0,1,1,2,1,0,0,1,0,3,0,1,0
STU_1487,Nuwan Rathnayake,D/SE/22/1487,BSc (Hons) in Software Engineering,3,3.37,3.51,3.77,2.5,4.0,4.0,2.44,4,3,2,4,2,Cloud / DevOps,1,0,2,1,2,0,1,1,1,2,1,0,1,1,0,3,2,2,1,3,2,2,0,2,1
STU_1101,Methmi Gamage,D/SE/23/1101,BSc (Hons) in Software Engineering,2,3.76,3.3,4.0,4.0,4.0,3.25,4.0,2,3,3,2,5,UI/UX Design,2,0,1,0,0,2,2,2,1,1,1,1,0,1,1,3,0,1,1,0,0,1,1,1,2
STU_1444,Rashmi Gamage,D/IS/23/1444,BSc (Hons) in Information Systems,2,2.47,2.28,2.54,3.21,2.33,1.83,2.63,5,2,1,1,3,Software Engineering,1,1,1,1,0,0,0,1,2,0,0,0,2,0,3,0,0,0,1,1,0,0,0,1,0
STU_1583,Dilshan Wijesinghe,D/DBA/21/1583,BSc (Hons) in Data Science & Business Analytics,4,2.97,3.36,2.11,3.79,2.75,2.97,2.87,3,3,1,4,1,Software Engineering,3,1,2,1,2,1,0,0,2,1,0,0,1,3,3,1,2,1,2,0,0,1,1,1,0
STU_1763,Supun Jayasinghe,D/IT/22/1763,BSc (Hons) in Information Technology,3,3.06,3.15,2.97,2.95,3.17,3.0,3.13,2,3,5,4,1,Cybersecurity,0,3,0,0,3,0,0,1,1,0,1,3,1,2,2,0,0,3,1,0,0,0,1,0,0
STU_1843,Kavinda Senaratne,D/CE/23/1843,BSc (Hons) in Computer Engineering,2,3.79,3.97,3.81,4.0,4.0,4.0,2.96,2,2,4,3,2,Cybersecurity,1,0,0,0,2,0,0,0,1,0,1,2,1,0,1,1,1,2,1,0,0,0,1,0,1
STU_1502,Sahan Alwis,D/SE/22/1502,BSc (Hons) in Software Engineering,3,3.16,2.89,3.4,2.93,3.69,3.01,3.03,1,2,2,4,3,UI/UX Design,0,0,3,0,2,0,1,1,1,3,0,1,1,1,1,0,0,2,1,0,2,3,3,3,3
STU_1180,Hasitha Senaratne,D/DBA/21/1180,BSc (Hons) in Data Science & Business Analytics,4,3.27,3.56,2.6,3.07,3.76,3.41,3.24,3,3,5,4,2,Cybersecurity,0,0,0,0,0,2,0,0,0,0,3,2,3,2,1,0,0,1,0,1,0,1,2,1,1
STU_1305,Kavindi Gamage,D/SE/22/1305,BSc (Hons) in Software Engineering,3,2.92,2.64,3.46,3.18,3.29,2.52,2.41,2,2,4,5,3,Cloud / DevOps,1,1,2,1,1,3,0,1,2,0,1,3,2,0,2,1,0,3,3,3,0,0,0,1,1
STU_1542,Dinithi Senaratne,D/CE/22/1542,BSc (Hons) in Computer Engineering,3,3.0,3.28,3.03,3.0,2.9,3.23,2.56,4,2,2,3,2,Software Engineering,3,1,3,1,0,0,3,0,1,1,0,1,0,0,1,0,1,1,0,2,0,0,1,2,0
STU_1058,Dulan Rathnayake,D/SE/21/1058,BSc (Hons) in Software Engineering,4,3.14,2.98,2.6,3.2,3.49,2.65,3.91,1,4,3,4,5,UI/UX Design,0,0,2,1,1,2,0,2,0,1,1,0,2,0,0,0,0,0,1,2,2,1,0,1,2
STU_1820,Maleesha Gunawardena,D/IS/22/1820,BSc (Hons) in Information Systems,3,3.31,3.62,2.58,3.54,3.31,4.0,2.83,1,2,2,1,3,UI/UX Design,0,1,1,0,1,2,1,1,2,0,1,3,1,2,0,1,0,1,0,1,3,2,1,1,2
STU_1150,Chathuri Gamage,D/CS/22/1150,BSc (Hons) in Computer Science,3,3.34,3.68,4.0,3.4,2.79,3.48,2.72,4,4,1,2,2,Data Science / AI,2,0,1,1,1,3,2,2,2,2,0,1,1,1,0,2,1,0,0,1,1,0,2,0,0
STU_1125,Sanduni Dissanayake,D/SE/22/1125,BSc (Hons) in Software Engineering,3,3.36,3.39,3.73,3.33,3.41,3.32,2.97,5,3,3,3,2,Software Engineering,2,3,1,3,1,1,0,2,2,0,0,0,3,0,1,1,0,1,1,0,2,0,0,3,1
STU_1672,Minoli Rajapaksha,D/CS/24/1672,BSc (Hons) in Computer Science,1,2.74,3.27,2.48,2.92,2.75,2.75,2.27,5,3,2,3,2,Software Engineering,1,1,3,2,2,0,0,1,3,0,3,0,1,0,1,1,0,2,1,0,1,0,1,1,0
STU_1738,Shanika Herath,D/CS/22/1738,BSc (Hons) in Computer Science,3,3.2,3.06,2.47,4.0,3.36,3.68,2.65,1,1,2,5,1,Cloud / DevOps,0,0,0,1,2,2,1,0,0,0,2,1,0,0,0,1,3,2,2,2,0,1,1,0,0
STU_1186,Nuwan Senaratne,D/CS/24/1186,BSc (Hons) in Computer Science,1,2.66,2.37,2.14,2.6,3.34,3.17,2.37,4,1,4,3,1,Cybersecurity,1,2,0,0,0,0,1,1,1,1,1,2,0,1,2,1,1,0,0,3,0,0,0,0,0
STU_1597,Hasitha Senaratne,D/CS/22/1597,BSc (Hons) in Computer Science,3,2.8,2.55,2.96,3.65,2.31,2.89,2.43,5,4,2,2,1,Software Engineering,2,3,2,3,2,2,1,0,2,1,1,0,0,0,3,0,0,1,2,1,2,1,2,1,0
STU_1051,Buddhika Mendis,D/IT/23/1051,BSc (Hons) in Information Technology,2,2.99,2.71,2.79,2.72,3.68,3.08,2.96,5,2,4,5,4,Cloud / DevOps,2,0,1,0,2,1,1,0,0,0,1,1,0,2,0,3,0,2,0,3,0,0,0,0,0
STU_1342,Minoli Karunaratne,D/IS/21/1342,BSc (Hons) in Information Systems,4,2.89,2.93,3.84,2.46,2.63,2.79,2.71,3,5,2,2,2,Data Science / AI,3,0,1,0,0,2,1,3,2,3,1,0,2,1,1,1,1,0,1,0,0,1,0,0,0
STU_1447,Kavindi Jayasinghe,D/SE/24/1447,BSc (Hons) in Software Engineering,1,3.7,4.0,3.44,4.0,2.96,4.0,3.83,5,3,3,4,2,Software Engineering,1,0,1,0,2,0,2,1,0,0,0,2,0,1,1,0,2,0,1,0,1,1,2,0,0
STU_1840,Sanduni Alwis,D/CS/24/1840,BSc (Hons) in Computer Science,1,2.8,3.39,3.05,2.47,2.54,2.81,2.5,5,3,1,3,3,Software Engineering,2,1,1,1,0,1,0,0,2,0,2,0,3,0,0,1,2,0,1,3,0,1,0,1,0
STU_1545,Dulan Rajapaksha,D/DBA/23/1545,BSc (Hons) in Data Science & Business Analytics,2,2.74,3.09,2.73,3.65,2.17,2.67,2.16,4,5,4,3,3,Software Engineering,1,2,1,1,0,2,2,1,3,0,2,0,0,1,2,0,0,0,0,0,0,0,2,2,0
STU_1322,Sanduni Fonseka,D/IT/21/1322,BSc (Hons) in Information Technology,4,1.96,1.84,1.83,2.06,2.06,2.4,1.56,2,1,4,2,2,Cybersecurity,1,3,0,2,3,2,1,1,2,0,2,3,3,3,3,2,1,1,1,2,1,2,1,0,0
STU_1354,Praveen Silva,D/DBA/23/1354,BSc (Hons) in Data Science & Business Analytics,2,3.09,3.41,2.7,3.02,3.47,2.97,2.99,3,2,5,4,3,Cybersecurity,1,0,1,0,2,2,0,0,0,1,3,1,0,1,2,0,1,0,1,0,0,2,1,0,2
STU_1787,Aqeel Silva,D/IT/23/1787,BSc (Hons) in Information Technology,2,3.06,2.83,2.56,2.74,3.49,2.97,3.78,1,2,4,2,2,Cybersecurity,2,0,1,2,1,0,1,0,3,0,0,2,1,0,1,1,1,1,0,0,0,3,0,0,2
STU_1143,Praveen Cooray,D/IT/24/1143,BSc (Hons) in Information Technology,1,3.46,3.43,3.24,3.86,3.49,4.0,2.77,2,1,5,3,1,Cybersecurity,2,0,0,0,1,1,0,1,2,0,3,1,1,1,0,0,0,1,2,1,0,1,1,1,1
STU_1471,Rashmi Senaratne,D/IS/22/1471,BSc (Hons) in Information Systems,3,2.29,2.85,2.55,2.76,1.88,1.78,1.94,4,4,4,4,3,Software Engineering,0,1,2,1,0,1,1,1,3,1,1,0,3,0,1,0,3,3,1,1,1,3,1,3,0
STU_1371,Praveen Jayasinghe,D/DBA/23/1371,BSc (Hons) in Data Science & Business Analytics,2,2.99,3.57,2.71,3.52,1.94,2.86,3.37,4,2,2,3,3,Software Engineering,3,1,0,1,1,0,0,0,1,0,1,0,1,0,0,0,0,0,2,1,1,2,2,2,0
STU_1560,Dulan Mendis,D/SE/23/1560,BSc (Hons) in Software Engineering,2,3.02,3.2,3.29,2.96,3.53,2.4,2.73,3,2,2,3,3,Software Engineering,1,1,1,2,1,0,0,0,1,0,1,1,1,2,0,1,2,1,0,0,1,0,1,0,0
STU_1142,Senuri Alwis,D/SE/21/1142,BSc (Hons) in Software Engineering,4,3.26,3.51,3.13,3.18,2.41,3.53,3.8,5,2,3,4,2,Software Engineering,1,3,2,3,2,0,1,2,2,2,0,0,1,2,1,2,2,0,0,1,0,1,0,2,1
STU_1400,Methmi Alwis,D/SE/23/1400,BSc (Hons) in Software Engineering,2,3.07,3.69,3.14,3.38,2.37,2.96,2.85,4,3,2,1,4,Software Engineering,0,1,1,0,1,0,0,2,1,0,1,2,0,0,1,0,1,3,2,0,0,2,0,1,1
STU_1264,Nuwan Wijesinghe,D/DBA/23/1264,BSc (Hons) in Data Science & Business Analytics,2,3.26,3.65,3.67,3.14,3.01,2.87,3.23,2,5,1,1,3,Data Science / AI,1,0,0,1,1,1,0,2,1,1,1,0,0,1,0,0,1,0,0,0,0,1,1,1,1
STU_1321,Rashmi Dissanayake,D/CS/22/1321,BSc (Hons) in Computer Science,3,3.57,3.96,4.0,3.55,3.27,2.76,3.9,4,3,2,2,2,Software Engineering,1,2,2,2,3,1,0,0,3,0,0,0,1,1,3,2,0,0,0,0,0,0,0,1,0
STU_1020,Oshada Senaratne,D/SE/23/1020,BSc (Hons) in Software Engineering,2,3.14,2.37,2.45,3.09,3.51,4.0,3.45,3,2,4,5,1,Cloud / DevOps,1,0,0,1,2,0,0,0,2,0,0,1,0,1,0,0,1,2,2,2,0,1,0,0,2
STU_1173,Senuri Cooray,D/IS/21/1173,BSc (Hons) in Information Systems,4,3.32,3.61,4.0,3.24,2.78,3.0,3.28,2,2,2,1,2,Data Science / AI,1,1,0,0,1,2,0,1,0,3,1,1,2,1,0,1,0,1,1,0,0,0,1,1,2
STU_1692,Praveen Karunaratne,D/CS/22/1692,BSc (Hons) in Computer Science,3,3.09,2.95,2.69,3.27,3.61,3.87,2.15,5,4,1,3,3,Software Engineering,1,2,2,3,3,0,1,1,2,2,0,1,1,1,2,0,3,0,0,2,0,0,1,3,2
STU_1313,Dulan Rajapaksha,D/IS/23/1313,BSc (Hons) in Information Systems,2,2.91,2.82,2.22,3.19,2.91,3.74,2.55,3,1,5,4,1,Cybersecurity,2,0,2,0,0,2,1,0,0,1,0,3,2,1,1,0,0,1,3,1,0,0,1,1,1
STU_1391,Methmi Liyanage,D/IT/23/1391,BSc (Hons) in Information Technology,2,2.69,2.81,2.92,2.44,2.46,3.46,2.02,3,1,3,3,3,Cloud / DevOps,2,0,2,0,1,0,0,0,1,0,0,0,1,1,3,1,2,1,1,0,0,2,0,1,1
STU_1794,Vihan Fernando,D/CS/23/1794,BSc (Hons) in Computer Science,2,3.09,3.81,3.43,2.56,2.77,2.98,3.01,4,5,3,2,2,Data Science / AI,3,0,0,2,0,2,1,0,3,0,1,0,2,1,1,2,0,1,1,0,1,1,1,0,0
STU_1013,Nuwan Bandara,D/IT/22/1013,BSc (Hons) in Information Technology,3,2.51,2.31,3.04,2.92,2.2,2.28,2.33,4,3,2,2,2,UI/UX Design,2,0,1,2,3,0,2,2,1,0,3,0,1,1,0,0,0,0,0,0,2,1,2,3,2
STU_1408,Maleesha Perera,D/SE/23/1408,BSc (Hons) in Software Engineering,2,3.56,3.43,3.4,3.9,3.3,3.51,3.8,2,1,4,3,1,Cybersecurity,1,1,2,2,1,2,0,0,2,0,0,1,2,1,1,1,1,2,0,0,0,0,1,0,0
STU_1409,Amal Liyanage,D/IS/22/1409,BSc (Hons) in Information Systems,3,2.83,3.83,2.86,3.11,2.28,2.22,2.68,4,2,1,2,4,Software Engineering,3,1,0,1,1,0,0,1,1,2,0,1,0,0,2,1,1,1,1,0,2,1,3,3,0
STU_1306,Aqeel Herath,D/DBA/23/1306,BSc (Hons) in Data Science & Business Analytics,2,2.42,1.64,3.62,2.44,2.22,1.85,2.73,3,3,2,4,2,Data Science / AI,0,0,0,0,1,1,2,1,1,1,0,0,2,3,0,0,0,1,1,2,1,0,1,1,0
STU_1355,Oshada Silva,D/IS/21/1355,BSc (Hons) in Information Systems,4,3.38,3.16,3.93,3.73,3.33,2.8,3.36,2,2,3,4,3,Software Engineering,2,2,2,3,1,0,0,1,3,0,1,1,1,1,1,0,2,0,0,1,2,1,0,2,1
STU_1026,Kavinda Silva,D/DBA/21/1026,BSc (Hons) in Data Science & Business Analytics,4,3.23,3.93,3.0,2.96,3.12,3.33,3.01,5,2,3,4,3,Cloud / DevOps,1,1,3,0,2,1,0,2,2,1,2,2,2,1,1,2,2,3,1,3,2,0,1,0,0
STU_1631,Amal Perera,D/SE/22/1631,BSc (Hons) in Software Engineering,3,3.14,2.94,3.11,2.88,3.32,3.72,2.87,2,2,5,3,2,Cybersecurity,1,0,2,0,3,0,1,0,0,0,1,3,2,1,1,0,0,0,1,0,1,0,0,1,2
STU_1170,Senuri Wijesinghe,D/DBA/22/1170,BSc (Hons) in Data Science & Business Analytics,3,2.85,2.39,3.06,2.15,3.56,2.81,3.15,3,3,3,2,1,Cloud / DevOps,1,2,3,3,0,0,1,1,1,0,1,0,2,0,1,2,2,2,2,2,1,0,0,0,0
STU_1537,Kavindi Fonseka,D/SE/22/1537,BSc (Hons) in Software Engineering,3,2.39,1.94,2.73,2.27,2.11,2.74,2.53,2,2,2,2,4,UI/UX Design,0,1,1,0,3,0,0,2,0,0,0,2,2,0,1,1,0,1,1,1,2,2,2,3,1
STU_1039,Vihan Gunawardena,D/IT/22/1039,BSc (Hons) in Information Technology,3,3.14,2.56,3.23,2.92,2.84,3.95,3.31,1,2,3,5,2,Cloud / DevOps,1,0,2,0,0,1,0,0,2,1,1,0,1,0,0,2,3,2,3,2,1,0,1,0,0
STU_1176,Shanika Mendis,D/SE/22/1176,BSc (Hons) in Software Engineering,3,3.56,3.53,3.61,4.0,3.86,3.14,3.19,3,3,5,3,3,Cybersecurity,3,1,0,1,1,0,0,2,1,1,2,1,3,2,3,0,0,2,1,0,0,1,0,1,0
STU_1246,Fathima Perera,D/CE/23/1246,BSc (Hons) in Computer Engineering,2,2.91,2.55,2.7,2.04,3.77,3.34,3.03,4,1,2,4,2,Cybersecurity,0,0,1,0,2,2,0,0,1,1,1,2,1,1,0,1,0,1,0,1,2,2,0,0,1
STU_1299,Sahan Silva,D/CS/22/1299,BSc (Hons) in Computer Science,3,3.42,3.22,2.66,3.71,4.0,3.84,3.12,3,1,3,2,2,Cybersecurity,1,0,0,0,3,1,0,0,1,0,2,3,2,2,2,2,2,0,0,0,0,1,0,0,0
STU_1708,Kasun Bandara,D/IT/22/1708,BSc (Hons) in Information Technology,3,3.41,3.52,2.96,3.28,3.75,2.94,4.0,2,1,2,2,3,UI/UX Design,0,0,0,2,2,1,0,1,2,1,0,0,3,0,0,0,1,1,0,0,2,2,2,1,0
STU_1417,Buddhika Mendis,D/CE/22/1417,BSc (Hons) in Computer Engineering,3,2.92,2.3,2.83,3.03,3.53,3.11,2.74,2,1,4,4,2,Cloud / DevOps,0,0,1,0,2,0,0,2,1,0,2,0,3,1,1,3,2,3,3,2,0,2,1,2,1
STU_1579,Chamari Peiris,D/CS/22/1579,BSc (Hons) in Computer Science,3,3.62,3.92,3.43,3.43,3.68,4.0,3.24,5,3,3,2,2,Software Engineering,3,2,2,2,3,0,0,2,2,0,0,2,0,1,3,0,1,0,1,0,1,0,0,3,0
STU_1273,Kasun Peiris,D/IT/23/1273,BSc (Hons) in Information Technology,2,2.66,2.81,2.37,2.27,3.23,3.19,2.06,4,4,2,4,2,Cloud / DevOps,3,1,1,1,1,0,0,0,1,1,1,0,2,1,2,2,0,1,1,0,0,0,0,0,0
STU_1474,Amal Dissanayake,D/SE/22/1474,BSc (Hons) in Software Engineering,3,3.66,4.0,3.44,3.83,3.83,4.0,2.88,1,1,2,5,4,Cloud / DevOps,1,0,1,1,1,0,0,0,0,0,0,1,0,0,2,3,1,3,2,0,3,2,0,1,1
STU_1800,Sahan Tharumila,D/CE/24/1800,BSc (Hons) in Computer Engineering,1,2.58,2.42,2.61,2.52,2.9,2.14,2.91,2,2,2,4,2,Cloud / DevOps,2,1,1,1,1,0,0,0,1,0,1,0,2,0,2,0,2,2,3,1,0,0,0,0,1
STU_1729,Rashmi Gamage,D/DBA/22/1729,BSc (Hons) in Data Science & Business Analytics,3,3.33,3.99,2.76,3.77,3.2,3.47,2.77,5,2,3,4,2,Software Engineering,1,3,2,3,0,0,0,1,1,0,2,0,2,1,1,1,1,0,0,1,0,0,1,1,2
STU_1155,Nimal Perera,D/IT/24/1155,BSc (Hons) in Information Technology,1,3.13,3.49,2.96,3.17,3.05,3.4,2.72,3,3,3,4,3,Data Science / AI,2,1,0,0,2,1,1,1,2,1,0,1,1,0,0,1,3,1,0,0,2,1,0,0,1
STU_1288,Rashmi Senaratne,D/IS/23/1288,BSc (Hons) in Information Systems,2,2.1,1.93,2.27,2.86,2.04,1.94,1.56,3,5,2,1,1,Data Science / AI,1,0,1,2,1,3,2,1,2,1,1,0,2,0,1,1,0,0,0,1,0,1,0,0,0
STU_1520,Shanika Mendis,D/CS/23/1520,BSc (Hons) in Computer Science,2,2.98,4.0,2.57,2.99,2.09,2.88,3.37,4,2,2,4,4,Software Engineering,2,1,2,1,1,1,0,0,0,0,0,1,0,2,1,0,0,1,1,2,0,0,1,2,2
STU_1018,Dilshan Herath,D/CS/22/1018,BSc (Hons) in Computer Science,3,3.68,3.71,3.45,3.57,3.73,3.78,3.84,5,1,2,2,2,Software Engineering,3,2,2,2,3,0,1,0,2,0,2,2,1,1,3,1,0,1,1,0,1,2,2,2,0
STU_1128,Sahan Herath,D/IT/23/1128,BSc (Hons) in Information Technology,2,3.37,3.45,3.85,3.6,3.42,3.3,2.61,4,3,5,5,3,Cloud / DevOps,0,0,0,0,2,2,2,1,0,0,1,1,1,1,1,2,0,2,2,1,1,0,2,0,1
STU_1323,Buddhika Gamage,D/IT/23/1323,BSc (Hons) in Information Technology,2,3.47,3.22,3.0,3.48,4.0,3.95,3.17,4,2,3,5,1,Cloud / DevOps,1,2,1,0,1,0,0,0,2,0,1,0,1,0,0,1,0,2,1,1,0,0,0,1,0
STU_1256,Vihan Rajapaksha,D/CE/23/1256,BSc (Hons) in Computer Engineering,2,2.76,2.23,2.48,3.2,3.12,3.06,2.46,3,3,5,3,2,Cybersecurity,1,1,0,1,1,0,1,0,3,0,3,3,1,2,1,2,0,1,0,0,0,0,1,1,1
STU_1569,Amal Cooray,D/IT/23/1569,BSc (Hons) in Information Technology,2,3.27,2.75,2.75,3.66,3.5,3.6,3.34,2,1,5,4,1,Cybersecurity,0,0,1,1,1,2,0,1,0,1,2,1,2,2,0,1,2,1,0,0,0,0,0,0,0
STU_1818,Kavindu Cooray,D/IS/23/1818,BSc (Hons) in Information Systems,2,2.92,3.14,2.32,3.01,2.81,2.76,3.5,3,2,3,1,4,UI/UX Design,2,0,0,1,0,0,0,1,1,0,0,0,1,3,0,1,1,0,0,0,2,1,0,0,1
STU_1191,Senuri Fonseka,D/DBA/23/1191,BSc (Hons) in Data Science & Business Analytics,2,3.35,3.46,4.0,3.8,2.71,3.33,2.81,4,5,3,2,3,Data Science / AI,1,2,0,0,1,3,0,0,0,0,2,1,2,1,1,0,0,0,0,0,0,0,0,1,0
STU_1116,Maleesha Fonseka,D/CS/22/1116,BSc (Hons) in Computer Science,3,2.87,2.07,2.91,3.89,3.25,2.41,2.72,4,1,2,3,1,Cloud / DevOps,0,0,1,0,2,0,0,0,0,0,0,1,3,1,1,3,2,0,2,3,0,0,1,1,0
STU_1533,Kavindi Karunaratne,D/DBA/23/1533,BSc (Hons) in Data Science & Business Analytics,2,2.94,3.31,3.8,2.95,2.06,2.67,2.84,5,5,2,3,1,Data Science / AI,2,1,0,0,1,2,1,1,1,2,0,3,0,0,1,0,2,0,0,1,1,2,0,0,0
STU_1181,Nimal Perera,D/IS/23/1181,BSc (Hons) in Information Systems,2,3.21,3.64,2.77,2.91,2.97,3.23,3.72,2,3,3,3,2,UI/UX Design,1,0,1,0,2,0,0,1,1,0,1,0,0,1,1,0,1,0,1,2,2,2,1,2,1
STU_1302,Dilshan Bandara,D/SE/21/1302,BSc (Hons) in Software Engineering,4,3.42,3.19,3.17,3.49,3.66,3.63,3.37,2,1,2,4,1,Cloud / DevOps,1,2,2,1,3,0,0,1,3,1,0,2,2,1,1,1,3,2,3,1,0,1,0,0,3
STU_1652,Chamari Ahamad,D/DBA/23/1652,BSc (Hons) in Data Science & Business Analytics,2,3.3,2.8,3.49,3.37,3.64,3.25,3.26,2,1,4,4,2,Cybersecurity,3,0,0,0,1,2,0,0,2,1,1,2,0,3,1,0,0,0,1,1,0,1,0,0,3
STU_1644,Oshada Mendis,D/CS/21/1644,BSc (Hons) in Computer Science,4,3.26,3.7,3.05,3.7,3.24,2.69,3.16,4,3,1,4,3,Software Engineering,1,2,2,2,1,0,1,1,2,1,0,1,2,1,2,1,0,2,1,1,0,1,1,2,1
STU_1624,Buddhika Gunawardena,D/SE/22/1624,BSc (Hons) in Software Engineering,3,2.25,1.89,1.85,2.0,2.58,2.83,2.35,4,3,1,3,2,Cloud / DevOps,3,1,3,1,0,0,0,1,2,1,0,0,3,2,0,0,2,0,3,2,1,0,0,0,1
STU_1592,Dulan Wijesinghe,D/IT/21/1592,BSc (Hons) in Information Technology,4,2.81,2.49,2.22,2.92,3.26,3.15,2.84,3,3,2,4,2,Cloud / DevOps,1,0,1,2,2,0,1,0,0,1,0,0,0,1,1,3,1,2,3,2,2,2,0,0,0
STU_1573,Dinithi Bandara,D/CE/24/1573,BSc (Hons) in Computer Engineering,1,3.43,3.43,3.15,2.84,3.54,4.0,3.59,2,2,4,3,1,Cybersecurity,0,2,0,0,1,1,0,0,2,0,0,1,1,1,2,1,1,0,2,0,1,0,1,0,0
STU_1518,Ravindu Tharumila,D/IS/24/1518,BSc (Hons) in Information Systems,1,2.3,2.75,2.67,1.9,2.32,2.24,1.96,4,3,2,2,3,Software Engineering,1,1,1,3,3,1,1,1,2,1,0,0,1,0,1,1,1,0,0,1,0,0,1,1,2
STU_1836,Vihan Fonseka,D/CS/21/1836,BSc (Hons) in Computer Science,4,3.38,3.26,4.0,3.48,2.87,3.31,3.35,5,3,3,3,2,Software Engineering,3,0,1,1,3,0,0,1,0,0,0,0,1,0,2,1,0,1,0,0,2,0,0,3,1
STU_1046,Kavindu Herath,D/CE/23/1046,BSc (Hons) in Computer Engineering,2,3.46,4.0,2.65,3.0,3.77,3.84,3.51,2,1,3,4,3,Cloud / DevOps,2,1,1,0,3,0,1,0,1,0,2,2,0,0,1,1,0,2,1,3,0,0,1,1,1
STU_1771,Amal Liyanage,D/CS/24/1771,BSc (Hons) in Computer Science,1,3.29,3.13,2.89,3.72,3.5,3.21,3.32,2,4,1,3,2,Data Science / AI,1,1,1,0,2,1,1,1,1,2,0,0,2,1,0,0,1,0,0,0,1,0,1,1,0
STU_1158,Senuri Wickramasinghe,D/IS/23/1158,BSc (Hons) in Information Systems,2,2.9,3.09,2.46,3.66,2.8,2.17,3.23,2,1,4,3,5,UI/UX Design,2,0,0,1,3,1,2,1,1,0,0,0,3,0,0,0,2,1,1,2,1,1,0,0,2
STU_1639,Chamari Silva,D/SE/22/1639,BSc (Hons) in Software Engineering,3,3.46,3.41,3.67,3.61,2.88,3.35,3.82,3,4,1,1,1,Data Science / AI,1,1,1,0,2,2,2,3,2,2,0,1,0,0,0,2,1,2,0,0,0,1,1,2,1
STU_1172,Shanika Abeysekara,D/IS/23/1172,BSc (Hons) in Information Systems,2,3.28,4.0,2.52,3.66,3.54,3.14,2.82,5,3,2,2,2,Software Engineering,2,1,0,2,1,2,2,2,2,2,1,1,1,2,2,0,0,1,0,2,2,0,1,0,1
STU_1017,Aqeel Gunawardena,D/CE/22/1017,BSc (Hons) in Computer Engineering,3,2.96,3.35,3.21,2.55,2.5,2.91,3.25,5,5,2,3,3,Software Engineering,2,2,2,2,2,1,0,0,2,0,0,1,2,0,3,0,1,1,3,1,1,1,0,1,1
STU_1512,Methmi Tharumila,D/IS/24/1512,BSc (Hons) in Information Systems,1,2.93,4.0,3.29,2.93,2.33,2.04,2.96,3,4,3,4,3,Software Engineering,3,2,2,3,1,0,0,1,1,0,0,2,1,2,3,0,0,1,1,0,0,0,0,1,0
STU_1049,Kavindi Rathnayake,D/IT/22/1049,BSc (Hons) in Information Technology,3,2.88,3.25,2.88,3.03,3.18,2.65,2.29,2,3,3,3,1,Software Engineering,3,2,1,2,3,0,0,0,2,0,1,1,1,0,3,0,3,1,0,1,0,1,0,1,2
STU_1824,Kavindi Alwis,D/SE/22/1824,BSc (Hons) in Software Engineering,3,2.94,2.64,3.06,3.38,2.1,2.99,3.47,3,2,3,2,4,UI/UX Design,1,2,1,2,1,1,0,2,1,0,0,1,2,1,0,0,0,2,2,0,1,2,1,3,3
STU_1516,Supun Tharumila,D/DBA/23/1516,BSc (Hons) in Data Science & Business Analytics,2,2.66,2.61,2.42,2.18,3.31,2.76,2.66,5,2,3,5,2,Cloud / DevOps,0,1,0,0,1,1,0,1,1,2,1,0,1,2,0,1,1,1,1,1,0,0,0,0,0
STU_1735,Kasun Perera,D/IT/23/1735,BSc (Hons) in Information Technology,2,2.7,2.8,2.03,1.96,3.57,3.21,2.61,3,3,2,4,1,Cloud / DevOps,1,0,1,1,0,0,2,0,2,1,0,0,2,1,0,1,1,2,1,3,3,1,1,0,0
STU_1481,Dilshan Jayasinghe,D/DBA/22/1481,BSc (Hons) in Data Science & Business Analytics,3,2.3,2.42,1.9,2.49,2.86,2.41,1.73,4,5,2,4,3,Data Science / AI,1,1,1,2,1,3,1,2,2,2,2,0,1,0,1,0,1,1,1,0,1,0,2,1,1
STU_1284,Kavindu Rajapaksha,D/SE/24/1284,BSc (Hons) in Software Engineering,1,3.3,2.76,2.77,3.91,3.14,3.27,3.95,3,4,2,4,2,Cloud / DevOps,0,0,1,2,1,0,0,0,1,1,2,2,1,0,0,1,3,1,2,1,0,0,1,1,0
STU_1805,Sachini Mendis,D/CS/23/1805,BSc (Hons) in Computer Science,2,3.03,2.71,2.49,3.46,3.06,3.54,2.95,1,2,3,4,1,Cybersecurity,0,0,1,2,2,1,0,2,1,2,1,1,1,1,0,2,0,0,0,0,1,1,1,0,2
STU_1226,Hasitha Peiris,D/IS/23/1226,BSc (Hons) in Information Systems,2,2.67,3.32,2.92,2.44,2.29,2.62,2.43,2,3,2,3,3,Data Science / AI,0,2,1,2,1,3,1,0,2,2,1,0,0,1,0,1,0,2,1,1,2,1,0,0,1
STU_1027,Fathima Jayasinghe,D/SE/22/1027,BSc (Hons) in Software Engineering,3,2.88,2.76,3.07,2.31,2.72,2.79,3.66,1,4,2,2,4,UI/UX Design,1,2,0,1,3,0,2,2,0,0,1,0,1,0,1,0,2,3,2,1,1,3,0,0,2
STU_1668,Akila Gunawardena,D/CS/22/1668,BSc (Hons) in Computer Science,3,2.93,3.08,3.18,3.01,3.2,2.56,2.52,4,5,3,3,1,Data Science / AI,3,0,2,1,2,2,2,3,2,3,0,1,3,0,1,0,1,1,2,2,0,0,1,0,0
STU_1438,Sewwandi Bandara,D/DBA/21/1438,BSc (Hons) in Data Science & Business Analytics,4,3.06,3.47,3.42,3.49,2.9,2.48,2.62,3,3,1,2,2,Data Science / AI,2,0,0,1,3,2,3,3,1,2,1,3,0,0,0,1,0,1,1,0,1,2,1,0,0
STU_1365,Hasitha Fonseka,D/SE/21/1365,BSc (Hons) in Software Engineering,4,2.84,3.33,3.4,2.71,2.27,2.76,2.58,5,3,4,2,3,Software Engineering,1,2,2,2,2,1,0,0,2,0,0,0,3,1,1,0,1,0,1,2,1,0,1,3,1
STU_1230,Dulan Bandara,D/IT/21/1230,BSc (Hons) in Information Technology,4,1.97,1.43,1.77,2.37,2.19,3.04,1.0,1,3,2,4,2,Cybersecurity,1,0,0,0,2,0,0,1,2,0,2,3,3,2,1,1,1,0,2,0,2,1,1,1,0
STU_1038,Sewwandi Rajapaksha,D/CS/23/1038,BSc (Hons) in Computer Science,2,3.05,2.73,2.88,3.6,3.0,2.66,3.45,5,3,1,4,1,Software Engineering,1,2,1,2,0,0,1,0,0,0,0,2,1,2,1,0,0,1,0,2,1,0,2,2,1
STU_1819,Tharindu Ahamad,D/DBA/23/1819,BSc (Hons) in Data Science & Business Analytics,2,3.12,3.95,3.11,3.58,2.94,2.57,2.55,2,4,2,1,2,Data Science / AI,3,0,1,2,0,2,3,1,1,2,1,1,1,0,0,0,0,0,0,0,2,1,1,0,0
STU_1375,Akila Perera,D/IS/21/1375,BSc (Hons) in Information Systems,4,3.46,3.07,3.82,4.0,3.99,2.79,3.12,4,4,2,2,3,Software Engineering,3,1,1,1,2,1,0,1,1,1,0,1,2,1,2,1,0,2,0,0,1,1,0,3,3
STU_1470,Ravindu Rajapaksha,D/SE/22/1470,BSc (Hons) in Software Engineering,3,3.18,3.48,3.47,3.39,2.68,2.61,3.48,5,4,2,3,2,Software Engineering,2,3,2,1,3,0,0,1,1,0,0,1,0,1,2,2,2,1,1,0,0,1,3,2,0
STU_1821,Fathima Alwis,D/CS/24/1821,BSc (Hons) in Computer Science,1,3.57,3.35,3.21,3.63,4.0,3.92,3.29,1,1,5,4,3,Cybersecurity,1,0,2,0,1,1,0,2,1,0,1,2,3,1,1,0,0,0,1,2,1,0,1,2,1
STU_1723,Sanduni Ahamad,D/CS/24/1723,BSc (Hons) in Computer Science,1,2.99,2.76,3.28,3.53,2.98,3.27,2.12,4,2,1,2,5,Software Engineering,2,1,0,2,1,1,0,2,2,1,0,0,2,0,1,0,0,0,0,0,2,0,0,2,0
STU_1626,Amal Bandara,D/CS/24/1626,BSc (Hons) in Computer Science,1,3.37,3.72,3.42,3.96,2.65,3.47,3.03,3,5,3,1,2,Data Science / AI,2,1,1,1,1,0,0,0,1,1,2,2,2,0,0,1,0,1,2,0,1,0,1,0,0
STU_1195,Tharindu Peiris,D/IS/22/1195,BSc (Hons) in Information Systems,3,2.22,2.5,2.05,1.73,2.43,2.22,2.38,4,3,3,3,3,Software Engineering,3,2,2,2,2,1,0,0,3,1,0,1,2,2,2,0,0,0,2,0,2,0,3,0,2
STU_1756,Praveen Jayasinghe,D/IT/22/1756,BSc (Hons) in Information Technology,3,2.29,2.18,1.8,1.95,3.03,2.55,2.23,4,3,2,5,2,Cloud / DevOps,0,1,1,0,1,1,1,1,2,1,1,0,2,0,0,2,2,2,1,2,0,2,0,1,1
STU_1734,Praveen Wijesinghe,D/CE/23/1734,BSc (Hons) in Computer Engineering,2,3.24,3.05,2.95,2.96,3.51,3.67,3.32,2,3,3,4,3,Cloud / DevOps,1,1,2,0,0,2,0,1,1,0,1,2,1,2,0,2,1,1,1,1,2,0,1,2,0
STU_1504,Dilshan Wijesinghe,D/CS/23/1504,BSc (Hons) in Computer Science,2,2.87,3.26,2.83,3.25,3.02,2.59,2.26,2,4,2,3,1,Data Science / AI,3,0,0,0,2,2,3,0,2,1,2,1,1,1,1,0,0,0,0,0,3,1,1,1,1
STU_1823,Hasitha Gunawardena,D/CS/23/1823,BSc (Hons) in Computer Science,2,3.18,3.29,3.17,2.96,3.02,2.6,4.0,1,2,2,2,4,UI/UX Design,1,0,0,1,2,1,0,1,3,0,0,1,1,1,1,3,2,1,0,0,2,1,2,1,0
STU_1709,Aqeel Mendis,D/IS/22/1709,BSc (Hons) in Information Systems,3,2.67,2.45,3.4,3.23,2.6,2.82,1.52,3,5,2,3,4,Data Science / AI,2,2,1,0,2,2,2,0,1,2,1,1,2,2,2,0,0,0,1,2,1,1,1,1,3
STU_1822,Amal Dissanayake,D/CE/22/1822,BSc (Hons) in Computer Engineering,3,3.25,3.31,3.04,3.61,3.16,3.28,3.09,3,2,3,1,3,Software Engineering,1,3,3,2,1,1,0,0,2,1,0,1,0,2,3,1,0,0,1,2,0,0,0,2,0
STU_1163,Aqeel Senaratne,D/DBA/24/1163,BSc (Hons) in Data Science & Business Analytics,1,1.61,1.39,1.56,2.0,1.43,1.4,1.87,4,4,2,1,1,Data Science / AI,1,0,1,1,2,0,3,1,1,1,1,0,3,2,2,0,2,1,0,0,0,0,1,3,0
STU_1605,Anushka Liyanage,D/IT/23/1605,BSc (Hons) in Information Technology,2,2.76,2.26,2.62,3.33,2.52,3.23,2.6,4,2,4,5,3,Cloud / DevOps,2,0,2,0,1,1,0,1,0,0,0,2,1,2,0,2,1,2,1,1,0,2,1,2,0
STU_1153,Maleesha Karunaratne,D/DBA/23/1153,BSc (Hons) in Data Science & Business Analytics,2,3.25,3.66,3.7,3.14,3.05,3.58,2.38,2,2,3,3,2,Data Science / AI,1,3,0,0,0,0,1,2,3,3,0,2,1,0,2,1,0,0,0,1,0,3,0,0,0
STU_1588,Dulan Abeysekara,D/CS/23/1588,BSc (Hons) in Computer Science,2,3.15,2.57,3.63,2.84,3.86,3.48,2.54,2,3,2,4,2,Cloud / DevOps,0,0,0,0,1,3,0,0,0,0,0,1,0,3,1,1,1,2,1,1,0,2,0,0,0
STU_1604,Dilshan Senaratne,D/DBA/21/1604,BSc (Hons) in Data Science & Business Analytics,4,3.53,4.0,3.38,3.64,3.92,3.23,3.0,4,4,3,2,1,Data Science / AI,1,0,1,0,2,3,2,2,2,3,1,0,0,1,1,1,0,1,1,0,0,1,1,0,1
STU_1740,Nuwan Fernando,D/CE/23/1740,BSc (Hons) in Computer Engineering,2,2.4,2.4,2.24,2.86,2.34,2.31,2.23,5,5,1,3,1,Software Engineering,0,1,2,1,1,0,0,0,2,0,0,1,2,1,1,0,0,1,0,0,1,1,0,0,1
STU_1112,Ravindu Rathnayake,D/DBA/24/1112,BSc (Hons) in Data Science & Business Analytics,1,2.56,3.24,3.39,2.96,1.62,2.58,1.57,2,5,3,3,3,Data Science / AI,1,1,0,1,1,0,0,1,1,1,1,0,2,0,0,1,0,0,0,0,1,0,1,1,0
STU_1227,Sachini Gamage,D/IT/23/1227,BSc (Hons) in Information Technology,2,3.29,3.04,3.27,3.25,4.0,3.24,2.96,4,3,2,3,2,Cloud / DevOps,1,0,1,2,2,1,0,0,0,0,0,1,3,1,1,0,1,2,1,1,2,1,2,1,3
STU_1594,Sachini Ahamad,D/CE/23/1594,BSc (Hons) in Computer Engineering,2,2.49,3.15,2.72,1.94,2.61,3.24,1.25,3,1,2,4,3,Software Engineering,1,2,1,1,1,0,3,0,1,0,0,1,1,1,1,0,0,1,1,0,0,3,0,1,0
STU_1104,Kavinda Liyanage,D/SE/21/1104,BSc (Hons) in Software Engineering,4,2.79,2.64,3.25,2.99,2.64,2.45,2.78,4,4,3,3,2,Software Engineering,2,3,1,1,2,0,0,2,2,1,1,0,0,0,1,1,0,0,1,2,1,1,1,2,1
STU_1422,Dulan Dissanayake,D/SE/23/1422,BSc (Hons) in Software Engineering,2,3.49,4.0,3.0,3.69,3.64,3.72,2.9,5,4,3,4,3,Software Engineering,2,1,1,2,1,1,1,1,1,0,0,1,2,1,0,2,3,0,1,1,1,2,0,1,1
STU_1420,Oshada Silva,D/DBA/23/1420,BSc (Hons) in Data Science & Business Analytics,2,3.04,2.98,3.67,3.24,2.86,2.29,3.2,5,3,1,2,3,Software Engineering,0,0,2,0,1,0,1,1,2,0,0,0,2,0,1,1,0,2,0,1,0,0,0,2,2
STU_1120,Rashmi Wickramasinghe,D/SE/23/1120,BSc (Hons) in Software Engineering,2,2.86,2.76,2.62,2.93,2.14,2.71,3.98,1,1,2,2,5,UI/UX Design,2,0,0,0,0,0,2,1,1,1,0,1,1,1,3,0,0,2,1,0,3,0,3,0,1
STU_1054,Nimal Senaratne,D/IS/22/1054,BSc (Hons) in Information Systems,3,2.82,2.96,3.19,2.58,3.14,2.64,2.38,3,5,2,1,2,Data Science / AI,2,0,1,1,1,3,0,2,0,2,1,0,0,1,0,1,2,0,0,0,0,0,1,1,0
STU_1152,Methmi Herath,D/SE/22/1152,BSc (Hons) in Software Engineering,3,3.63,3.7,2.93,4.0,3.24,3.89,4.0,3,1,1,3,4,UI/UX Design,3,1,1,2,1,0,1,3,2,0,0,0,0,0,1,0,1,0,1,0,2,1,3,3,2
STU_1404,Dilshan Karunaratne,D/IT/23/1404,BSc (Hons) in Information Technology,2,3.36,2.73,2.7,3.43,4.0,4.0,3.3,3,2,4,5,2,Cloud / DevOps,0,2,1,0,1,0,1,1,2,0,0,0,0,1,0,2,1,0,1,0,0,1,0,0,1
STU_1802,Nuwan Rathnayake,D/SE/23/1802,BSc (Hons) in Software Engineering,2,2.39,2.03,1.93,2.53,2.14,2.97,2.75,2,1,5,4,2,Cybersecurity,2,0,0,0,0,0,0,1,1,0,1,2,1,1,0,1,0,0,0,1,1,0,0,1,2
STU_1208,Kasun Dissanayake,D/CS/24/1208,BSc (Hons) in Computer Science,1,3.67,3.68,3.57,4.0,3.81,4.0,2.96,5,4,4,3,3,Cybersecurity,3,2,0,0,0,0,1,2,2,0,0,1,1,1,2,2,0,2,0,1,0,0,2,0,1
STU_1718,Hasitha Silva,D/IS/22/1718,BSc (Hons) in Information Systems,3,2.99,3.18,3.62,3.64,2.76,2.37,2.37,3,4,1,1,1,Data Science / AI,3,2,0,0,2,2,3,1,2,2,1,0,2,0,2,0,1,2,2,2,0,0,0,0,0
STU_1654,Minoli Gunawardena,D/IT/24/1654,BSc (Hons) in Information Technology,1,2.66,2.16,1.63,2.74,3.25,3.44,2.75,3,2,5,2,2,Cybersecurity,1,1,2,0,1,2,0,0,1,2,0,1,1,2,3,0,2,0,0,2,0,0,0,1,1
STU_1009,Aqeel Tharumila,D/SE/23/1009,BSc (Hons) in Software Engineering,2,2.47,3.15,1.93,3.23,1.7,2.71,2.09,2,2,3,4,2,Software Engineering,1,1,1,1,2,0,0,1,2,1,0,1,2,0,1,1,0,0,0,0,0,2,2,1,2
STU_1690,Ishara Herath,D/CS/23/1690,BSc (Hons) in Computer Science,2,2.82,2.94,3.16,2.83,3.08,2.48,2.41,1,1,5,3,2,Cybersecurity,0,2,0,2,1,3,1,0,2,0,2,1,2,2,2,1,2,0,2,1,1,3,0,0,1
STU_1037,Nimal Rathnayake,D/SE/22/1037,BSc (Hons) in Software Engineering,3,3.41,4.0,3.7,3.34,2.91,3.03,3.45,4,4,1,4,3,Software Engineering,1,2,2,3,0,0,3,0,2,0,3,0,2,1,1,1,0,0,1,2,1,0,0,0,0
STU_1453,Akila Cooray,D/DBA/23/1453,BSc (Hons) in Data Science & Business Analytics,2,3.67,4.0,3.81,4.0,3.64,2.91,3.67,5,4,2,4,3,Software Engineering,0,1,1,0,2,1,0,0,3,2,0,3,1,1,2,2,2,0,1,0,1,1,0,1,0
STU_1254,Sanduni Ahamad,D/IT/22/1254,BSc (Hons) in Information Technology,3,2.86,3.0,3.05,2.78,2.3,2.35,3.68,1,4,2,2,5,UI/UX Design,0,2,0,0,1,1,0,1,1,0,1,1,2,0,0,2,0,2,0,2,2,2,2,2,1
STU_1304,Chamari Perera,D/IT/22/1304,BSc (Hons) in Information Technology,3,2.52,2.85,2.51,2.39,2.15,2.22,3.0,1,3,3,2,4,UI/UX Design,3,0,0,2,3,0,2,2,1,0,0,0,0,2,1,2,1,0,2,2,2,1,2,2,3
STU_1677,Dinithi Mendis,D/SE/22/1677,BSc (Hons) in Software Engineering,3,3.26,2.79,3.16,3.03,3.49,3.83,3.25,2,2,5,3,2,Cybersecurity,0,0,0,1,2,3,0,2,0,1,2,3,2,1,2,0,0,1,1,2,2,0,0,1,0
STU_1572,Supun Bandara,D/CS/21/1572,BSc (Hons) in Computer Science,4,3.04,3.09,2.67,3.85,2.72,2.6,3.31,3,3,1,1,1,Data Science / AI,2,0,0,0,2,3,1,3,2,0,3,1,2,0,1,0,0,1,2,0,1,1,0,0,0
STU_1611,Supun Wijesinghe,D/SE/24/1611,BSc (Hons) in Software Engineering,1,2.62,2.5,2.94,2.28,2.33,2.73,2.95,3,3,3,3,5,UI/UX Design,0,0,0,2,1,0,0,0,1,0,0,0,2,0,0,1,0,0,1,0,0,1,0,1,2
STU_1681,Supun Liyanage,D/IT/22/1681,BSc (Hons) in Information Technology,3,2.44,2.03,2.07,2.11,2.99,3.37,2.09,1,2,4,4,1,Cybersecurity,1,0,0,1,1,0,1,0,1,2,2,3,2,2,1,2,2,3,0,1,0,0,1,0,0
STU_1263,Methmi Fernando,D/IS/23/1263,BSc (Hons) in Information Systems,2,2.63,1.9,2.52,2.97,2.74,2.35,3.28,3,3,2,2,4,UI/UX Design,2,2,0,0,2,1,3,1,1,0,0,1,1,0,2,0,1,0,1,0,2,0,1,2,0
STU_1298,Fathima Dissanayake,D/SE/23/1298,BSc (Hons) in Software Engineering,2,2.55,1.95,2.55,2.72,2.98,3.04,2.02,2,1,1,3,2,Cloud / DevOps,1,0,1,3,1,2,2,1,0,2,0,0,1,0,0,1,1,2,0,1,3,0,1,2,0
STU_1415,Buddhika Liyanage,D/CS/23/1415,BSc (Hons) in Computer Science,2,3.36,3.26,4.0,3.7,2.9,3.31,3.02,4,2,1,3,1,Software Engineering,0,1,2,0,2,0,0,1,1,0,0,1,1,0,1,1,1,0,0,0,0,2,0,1,2
STU_1151,Ravindu Herath,D/SE/21/1151,BSc (Hons) in Software Engineering,4,2.81,2.69,2.31,2.37,2.94,3.76,2.81,5,4,2,4,2,Software Engineering,1,0,3,2,3,0,1,2,0,1,1,1,1,2,0,0,2,1,0,0,1,0,0,2,0
STU_1674,Sanduni Senaratne,D/DBA/24/1674,BSc (Hons) in Data Science & Business Analytics,1,2.66,3.02,2.54,2.4,2.73,2.86,2.43,3,4,2,4,3,Data Science / AI,0,0,2,0,1,1,2,1,3,1,0,0,2,0,1,0,0,2,1,0,1,1,0,0,0
STU_1753,Sanduni Karunaratne,D/IT/21/1753,BSc (Hons) in Information Technology,4,3.11,2.98,3.08,3.01,3.55,3.41,2.66,3,3,4,3,1,Cybersecurity,1,2,1,0,3,0,0,1,2,1,2,2,3,3,2,0,1,1,3,0,1,3,0,1,3
STU_1551,Fathima Herath,D/CS/22/1551,BSc (Hons) in Computer Science,3,3.22,3.18,2.99,3.93,3.57,2.77,2.85,4,5,2,1,1,Data Science / AI,2,2,2,0,3,1,3,2,0,0,0,0,2,0,2,1,1,0,2,1,2,2,0,0,1
STU_1489,Praveen Gamage,D/SE/22/1489,BSc (Hons) in Software Engineering,3,3.72,3.49,3.7,3.83,4.0,3.89,3.42,1,3,3,4,3,Cybersecurity,1,1,0,0,2,2,2,0,0,1,3,1,2,3,2,0,1,0,0,2,0,0,1,2,1
STU_1148,Dulan Karunaratne,D/IS/22/1148,BSc (Hons) in Information Systems,3,3.21,3.48,3.5,3.47,2.7,2.96,3.17,3,4,2,1,1,Data Science / AI,3,2,0,0,2,2,3,2,2,2,3,1,2,0,1,1,0,0,0,0,0,0,1,0,0
STU_1147,Hasitha Gunawardena,D/IT/22/1147,BSc (Hons) in Information Technology,3,2.55,3.28,2.67,2.61,2.06,2.03,2.65,4,2,1,3,2,Software Engineering,1,2,2,3,2,0,1,2,2,3,2,0,2,0,2,0,0,2,0,2,0,0,2,2,1
STU_1621,Dulan Gamage,D/DBA/22/1621,BSc (Hons) in Data Science & Business Analytics,3,3.15,3.8,3.35,3.22,3.0,3.3,2.2,3,5,2,1,2,Data Science / AI,1,2,2,1,2,2,3,3,3,1,0,1,1,0,1,0,1,0,1,0,2,0,1,1,0
STU_1790,Rashmi Wijesinghe,D/IS/23/1790,BSc (Hons) in Information Systems,2,3.63,3.47,3.9,3.73,3.26,3.69,3.75,2,1,4,2,4,UI/UX Design,2,0,0,1,2,1,1,1,2,1,0,0,1,1,1,2,0,1,2,0,1,1,3,0,1
STU_1635,Chathuri Mendis,D/IT/24/1635,BSc (Hons) in Information Technology,1,2.65,2.64,1.81,2.4,3.36,2.52,3.19,3,2,3,3,1,Cybersecurity,1,0,1,0,3,0,1,0,2,0,1,1,3,3,0,1,1,0,0,3,0,0,0,0,0
STU_1349,Amal Alwis,D/CS/22/1349,BSc (Hons) in Computer Science,3,2.7,3.41,2.61,2.57,2.5,2.55,2.57,4,4,3,2,2,Data Science / AI,0,0,1,2,3,3,3,2,1,3,0,0,0,0,0,0,0,2,1,2,0,0,1,0,1
STU_1464,Sanduni Rajapaksha,D/DBA/22/1464,BSc (Hons) in Data Science & Business Analytics,3,3.05,2.42,2.54,2.92,3.54,3.27,3.6,2,3,2,3,4,UI/UX Design,1,1,0,0,2,1,0,1,1,1,2,1,0,2,0,0,1,0,0,0,2,2,2,3,3
STU_1326,Ravindu Bandara,D/SE/21/1326,BSc (Hons) in Software Engineering,4,2.58,1.85,1.27,2.17,4.0,3.13,3.09,2,2,5,3,1,Cybersecurity,2,1,1,0,2,0,2,1,1,0,3,2,2,2,3,0,1,2,2,1,3,1,0,1,0
STU_1187,Kavindu Wickramasinghe,D/SE/22/1187,BSc (Hons) in Software Engineering,3,2.71,3.41,3.28,3.09,1.98,2.21,2.29,3,5,2,1,3,Software Engineering,2,0,2,3,3,0,1,2,2,0,0,0,3,1,0,0,1,2,1,1,0,1,1,1,1
STU_1124,Minoli Silva,D/IT/23/1124,BSc (Hons) in Information Technology,2,2.33,2.47,2.15,2.63,1.8,2.49,2.45,3,2,2,3,3,Software Engineering,0,2,2,3,3,2,0,0,1,1,0,0,1,1,0,0,0,1,0,1,1,0,0,1,0
STU_1724,Minoli Dissanayake,D/SE/22/1724,BSc (Hons) in Software Engineering,3,3.19,2.7,2.24,3.69,4.0,3.51,2.99,5,1,4,4,1,Cloud / DevOps,0,0,1,0,1,1,0,1,1,1,0,2,0,1,0,2,1,2,2,3,0,1,3,0,2
STU_1609,Fathima Rajapaksha,D/IT/23/1609,BSc (Hons) in Information Technology,2,3.46,3.73,2.92,3.59,3.21,3.81,3.49,2,2,3,3,2,Cybersecurity,1,1,2,2,1,0,0,0,2,0,1,3,2,2,2,1,0,0,0,0,1,0,0,0,0
STU_1144,Rashmi Cooray,D/CS/22/1144,BSc (Hons) in Computer Science,3,3.09,3.83,3.24,3.1,2.58,2.94,2.82,4,3,3,2,3,Software Engineering,3,2,2,0,3,1,0,1,2,1,1,1,3,0,1,0,1,1,2,1,0,3,0,3,0
STU_1813,Shanika Gunawardena,D/SE/22/1813,BSc (Hons) in Software Engineering,3,3.02,2.64,2.67,3.46,3.7,3.06,2.58,2,2,1,3,2,Cloud / DevOps,1,0,1,3,3,2,1,0,1,1,0,0,2,0,0,3,2,1,2,1,1,2,1,1,0
STU_1198,Anushka Cooray,D/CE/23/1198,BSc (Hons) in Computer Engineering,2,2.96,2.24,3.21,3.0,3.55,3.15,2.59,3,1,3,3,1,Cloud / DevOps,1,0,3,0,3,0,1,0,0,2,0,1,1,0,0,2,0,2,2,0,0,1,0,0,0
STU_1610,Supun Rajapaksha,D/DBA/23/1610,BSc (Hons) in Data Science & Business Analytics,2,3.9,3.93,4.0,4.0,3.75,3.75,4.0,2,4,1,1,2,Data Science / AI,3,1,0,0,1,1,2,1,0,1,0,1,0,0,0,1,0,2,1,1,0,0,0,0,0
STU_1280,Maleesha Tharumila,D/DBA/22/1280,BSc (Hons) in Data Science & Business Analytics,3,2.82,3.46,3.05,3.67,2.26,2.52,1.95,3,3,1,2,2,Data Science / AI,1,0,0,0,1,2,1,2,3,0,0,0,2,0,1,1,1,0,0,1,2,3,2,1,1
STU_1294,Praveen Gunawardena,D/IT/22/1294,BSc (Hons) in Information Technology,3,3.1,3.01,3.3,3.16,3.33,3.53,2.26,4,3,2,3,1,Cloud / DevOps,3,0,2,1,2,2,1,0,2,0,1,2,2,1,1,3,3,1,1,2,1,0,0,0,2
STU_1401,Senuri Herath,D/CS/21/1401,BSc (Hons) in Computer Science,4,2.99,3.22,2.63,3.31,3.66,2.6,2.53,5,2,3,2,4,Software Engineering,1,2,1,1,2,1,0,0,0,0,0,0,0,0,3,1,2,0,2,0,3,0,0,2,0
STU_1123,Supun Ahamad,D/SE/22/1123,BSc (Hons) in Software Engineering,3,3.32,3.45,3.82,3.31,3.72,3.02,2.6,5,3,1,3,2,Software Engineering,3,1,2,2,3,0,0,2,2,0,0,0,0,0,3,0,1,0,1,1,0,0,0,3,2
STU_1184,Chamari Tharumila,D/CS/22/1184,BSc (Hons) in Computer Science,3,3.82,4.0,3.52,4.0,3.54,3.88,4.0,3,2,4,3,3,Software Engineering,2,0,2,2,1,0,1,0,1,1,0,2,0,1,2,2,0,1,1,0,0,1,2,1,0
STU_1203,Aqeel Mendis,D/CS/24/1203,BSc (Hons) in Computer Science,1,2.56,2.78,2.93,2.98,2.46,1.73,2.46,4,4,2,1,3,Data Science / AI,3,1,1,0,1,1,1,1,1,0,3,0,3,2,1,1,0,1,0,0,1,0,1,0,0
STU_1439,Anushka Silva,D/DBA/22/1439,BSc (Hons) in Data Science & Business Analytics,3,3.31,3.49,3.53,3.9,3.55,2.69,2.67,3,4,1,1,1,Data Science / AI,0,1,1,0,3,2,0,1,2,1,0,1,1,1,1,2,0,0,3,1,1,0,0,0,0
STU_1247,Oshada Jayasinghe,D/SE/22/1247,BSc (Hons) in Software Engineering,3,2.88,2.79,2.39,2.49,3.63,3.18,2.82,1,2,3,4,3,Cybersecurity,1,1,2,2,2,0,2,0,2,0,2,2,1,3,0,2,2,0,1,0,1,1,0,0,1
STU_1416,Dulan Ahamad,D/CS/22/1416,BSc (Hons) in Computer Science,3,3.75,4.0,3.86,4.0,3.1,3.97,3.58,2,4,1,2,2,Data Science / AI,2,0,1,1,3,1,2,3,1,2,0,0,2,0,1,0,3,0,0,0,1,2,0,1,2
STU_1752,Maleesha Wijesinghe,D/IS/22/1752,BSc (Hons) in Information Systems,3,3.44,3.67,3.99,3.56,3.43,3.0,3.01,5,4,2,1,2,Data Science / AI,2,1,0,2,2,0,2,2,2,3,2,3,1,1,0,2,0,1,0,0,0,0,0,0,0
STU_1130,Maleesha Rajapaksha,D/SE/23/1130,BSc (Hons) in Software Engineering,2,2.69,2.75,2.47,3.15,1.95,2.39,3.42,4,2,2,3,3,Software Engineering,1,2,2,1,1,0,0,1,0,0,2,2,0,1,1,2,0,0,0,0,0,1,1,1,0
STU_1403,Dulan Jayasinghe,D/DBA/22/1403,BSc (Hons) in Data Science & Business Analytics,3,3.69,3.01,3.57,4.0,4.0,3.85,3.71,1,2,2,3,3,UI/UX Design,1,0,2,0,0,2,1,1,1,0,1,0,1,0,1,0,1,0,0,1,3,2,2,1,2
STU_1670,Kavindu Ahamad,D/IT/22/1670,BSc (Hons) in Information Technology,3,3.08,3.0,4.0,3.15,2.67,2.88,2.74,5,3,1,2,3,Software Engineering,2,2,3,2,2,2,0,1,2,2,1,2,0,1,2,1,0,0,0,0,2,2,0,3,0
STU_1659,Aqeel Alwis,D/IT/22/1659,BSc (Hons) in Information Technology,3,3.08,3.68,2.39,3.6,3.15,3.48,2.19,2,3,4,4,1,Cybersecurity,2,1,0,0,1,0,0,2,1,0,1,2,2,3,1,2,1,2,0,0,0,2,1,1,0
STU_1774,Shanika Ahamad,D/SE/23/1774,BSc (Hons) in Software Engineering,2,2.43,2.46,2.12,2.87,2.47,2.12,2.51,1,1,2,4,2,Cloud / DevOps,2,0,1,0,2,1,0,0,3,2,0,0,2,0,1,1,2,0,1,1,2,1,2,2,0
STU_1220,Praveen Fonseka,D/SE/23/1220,BSc (Hons) in Software Engineering,2,2.46,2.5,1.59,2.44,2.77,3.26,2.21,4,2,5,3,3,Cloud / DevOps,2,0,1,0,2,1,0,1,1,2,2,1,1,1,1,3,1,0,0,1,2,0,1,1,1
STU_1782,Kavindu Herath,D/IS/24/1782,BSc (Hons) in Information Systems,1,2.21,1.58,2.52,1.89,2.23,2.0,3.05,2,5,4,2,4,UI/UX Design,2,0,0,1,2,0,1,0,1,0,2,0,0,1,0,1,3,3,0,0,3,0,1,1,1
STU_1645,Sahan Gamage,D/CE/23/1645,BSc (Hons) in Computer Engineering,2,3.04,3.11,3.39,3.55,2.14,2.99,3.04,4,3,1,2,3,Software Engineering,3,1,1,0,3,0,1,0,1,1,1,0,1,1,1,0,0,0,0,0,1,0,1,3,2
STU_1779,Nuwan Dissanayake,D/CS/22/1779,BSc (Hons) in Computer Science,3,3.0,3.43,3.7,3.01,2.57,2.55,2.74,3,4,4,3,1,Data Science / AI,2,0,0,0,2,1,1,3,3,3,0,0,2,0,0,0,0,2,2,3,2,1,0,0,1
STU_1625,Hasitha Wijesinghe,D/CS/23/1625,BSc (Hons) in Computer Science,2,2.9,3.18,1.93,3.57,2.88,3.44,2.38,4,3,3,3,2,Software Engineering,1,2,3,1,2,0,1,1,1,1,2,0,0,1,2,2,1,1,1,0,1,0,0,1,0
STU_1715,Sanduni Karunaratne,D/CS/23/1715,BSc (Hons) in Computer Science,2,3.44,3.31,3.6,2.42,3.83,3.99,3.48,3,1,5,4,2,Cybersecurity,2,0,1,2,1,0,0,0,1,1,1,0,0,3,1,0,0,0,1,1,2,1,2,0,2
STU_1653,Rashmi Wijesinghe,D/CE/23/1653,BSc (Hons) in Computer Engineering,2,2.8,2.99,3.04,2.93,2.34,2.15,3.36,4,3,2,4,1,Software Engineering,2,1,1,2,2,0,1,3,0,0,1,0,1,0,2,1,0,0,1,0,1,0,0,1,0
STU_1387,Shanika Ahamad,D/CS/24/1387,BSc (Hons) in Computer Science,1,3.02,2.87,2.78,2.42,3.48,3.31,3.23,2,2,4,4,1,Cloud / DevOps,0,0,2,0,0,2,0,0,1,0,0,2,0,1,0,3,1,3,1,2,2,1,0,0,0
STU_1825,Hasitha Fonseka,D/CE/23/1825,BSc (Hons) in Computer Engineering,2,2.82,2.36,2.24,3.46,2.88,2.89,3.09,3,3,3,3,1,Cybersecurity,2,1,0,0,0,1,0,0,0,0,2,1,1,0,1,0,0,0,1,1,0,0,0,0,2
STU_1510,Praveen Abeysekara,D/IS/24/1510,BSc (Hons) in Information Systems,1,2.84,2.41,2.65,2.69,3.18,2.59,3.5,3,3,1,2,4,UI/UX Design,2,0,1,0,1,0,0,2,2,2,0,1,1,0,2,0,0,0,0,1,3,2,2,2,2
STU_1268,Senuri Abeysekara,D/CS/22/1268,BSc (Hons) in Computer Science,3,2.63,3.24,3.18,2.66,2.13,2.28,2.29,3,3,4,3,3,Data Science / AI,3,0,0,0,3,2,1,3,3,3,2,3,0,2,1,0,0,3,0,2,0,0,0,0,1
STU_1810,Sachini Karunaratne,D/DBA/24/1810,BSc (Hons) in Data Science & Business Analytics,1,2.79,3.41,3.01,3.18,2.09,2.54,2.49,4,4,2,5,1,Software Engineering,2,1,2,1,2,0,0,0,1,1,1,2,1,2,0,0,0,2,0,0,0,1,2,1,0
STU_1442,Kavindu Mendis,D/IT/23/1442,BSc (Hons) in Information Technology,2,3.22,3.73,2.47,3.16,2.95,3.0,3.99,3,1,2,2,5,UI/UX Design,1,2,0,1,1,1,0,1,3,1,0,0,0,1,0,1,0,0,1,0,2,1,1,1,0
STU_1497,Nimal Rajapaksha,D/CS/22/1497,BSc (Hons) in Computer Science,3,3.09,3.01,2.96,3.65,3.19,2.82,2.9,4,2,4,2,2,Cloud / DevOps,0,1,2,2,2,0,0,1,1,0,2,1,2,1,1,1,0,3,1,2,0,0,0,1,1
STU_1113,Sahan Wickramasinghe,D/IT/22/1113,BSc (Hons) in Information Technology,3,3.04,4.0,2.87,3.27,2.85,2.87,2.38,2,3,1,5,2,Software Engineering,3,2,1,3,2,0,0,0,3,1,0,0,1,1,1,2,0,0,1,0,1,1,1,1,0
STU_1233,Akila Silva,D/CS/24/1233,BSc (Hons) in Computer Science,1,2.36,1.87,2.36,2.23,3.32,1.81,2.58,2,2,3,4,1,Cybersecurity,1,1,0,0,0,0,2,3,2,0,1,2,3,1,2,3,2,0,0,0,1,0,0,1,0
STU_1739,Ravindu Gunawardena,D/SE/22/1739,BSc (Hons) in Software Engineering,3,2.99,3.18,2.86,2.85,2.82,2.67,3.54,5,2,3,2,1,Software Engineering,3,3,3,3,2,0,1,2,2,0,0,0,1,0,3,0,3,0,2,1,1,0,1,3,0
STU_1608,Ravindu Alwis,D/DBA/23/1608,BSc (Hons) in Data Science & Business Analytics,2,3.08,3.18,2.29,3.31,3.72,3.38,2.59,2,1,3,1,1,Cloud / DevOps,0,0,3,0,1,1,1,1,2,0,0,1,3,1,0,1,0,2,0,0,0,0,0,0,1
STU_1374,Chathuri Tharumila,D/CS/23/1374,BSc (Hons) in Computer Science,2,2.5,3.02,3.07,2.96,2.18,1.69,2.05,3,4,2,3,2,Software Engineering,2,2,3,0,1,1,1,2,1,0,0,2,3,1,1,1,1,0,1,0,0,0,1,2,1
STU_1234,Dinithi Silva,D/IS/22/1234,BSc (Hons) in Information Systems,3,3.15,3.28,3.03,3.51,2.78,3.58,2.71,2,2,1,3,3,Software Engineering,3,2,1,1,2,1,0,0,3,0,2,1,1,0,0,1,0,0,1,0,0,1,0,3,2
STU_1671,Anushka Rathnayake,D/SE/21/1671,BSc (Hons) in Software Engineering,4,3.21,2.98,3.17,3.1,2.84,3.17,4.0,3,1,1,1,4,UI/UX Design,2,0,0,2,1,0,0,1,0,0,2,1,2,0,0,0,0,0,0,0,1,1,2,2,1
STU_1318,Kavinda Gamage,D/CE/22/1318,BSc (Hons) in Computer Engineering,3,3.27,3.9,3.65,3.47,3.23,2.97,2.4,4,3,2,4,2,Software Engineering,0,2,3,3,3,0,1,0,1,0,0,2,1,1,2,0,2,0,1,0,0,0,1,1,0
STU_1649,Tharindu Jayasinghe,D/CE/22/1649,BSc (Hons) in Computer Engineering,3,3.02,3.02,2.53,2.91,3.11,3.27,3.29,4,2,4,3,2,Cybersecurity,1,1,2,0,3,0,0,1,3,0,2,2,1,3,2,2,0,0,1,0,1,0,0,2,1
STU_1411,Ravindu Fernando,D/IS/22/1411,BSc (Hons) in Information Systems,3,3.22,3.36,1.94,3.03,3.33,3.88,3.79,2,2,1,2,3,UI/UX Design,0,2,2,0,1,0,1,1,0,1,1,0,2,2,0,0,0,0,0,0,3,2,1,0,2
STU_1762,Ravindu Senaratne,D/IT/21/1762,BSc (Hons) in Information Technology,4,3.18,3.81,2.94,2.93,3.4,3.0,2.97,3,3,2,2,3,Software Engineering,2,2,1,3,2,0,3,0,2,1,0,1,0,0,1,1,1,1,1,0,0,0,3,3,2
STU_1359,Kavindi Alwis,D/IS/21/1359,BSc (Hons) in Information Systems,4,3.16,3.16,3.16,3.19,3.31,2.81,3.31,2,3,2,2,5,UI/UX Design,1,0,3,0,3,1,1,2,3,1,2,0,1,1,1,2,0,0,0,0,3,1,2,0,2
STU_1259,Sachini Herath,D/SE/22/1259,BSc (Hons) in Software Engineering,3,3.51,3.03,2.47,3.98,4.0,3.85,3.7,1,1,1,2,5,UI/UX Design,3,0,0,1,2,1,0,2,1,3,0,2,2,0,1,2,2,0,0,0,0,2,3,2,3
STU_1628,Ravindu Abeysekara,D/DBA/23/1628,BSc (Hons) in Data Science & Business Analytics,2,2.76,2.54,2.5,2.58,3.36,3.21,2.39,4,4,4,5,3,Cloud / DevOps,1,1,2,0,1,1,2,0,3,0,0,0,3,0,0,0,1,2,1,2,2,0,1,0,0
STU_1633,Methmi Wijesinghe,D/IS/23/1633,BSc (Hons) in Information Systems,2,2.85,3.3,3.19,3.28,1.91,2.85,2.58,1,5,1,2,2,Data Science / AI,0,0,0,0,0,2,0,3,1,0,2,0,1,0,1,0,0,0,1,0,0,0,1,0,0
STU_1283,Praveen Dissanayake,D/IT/24/1283,BSc (Hons) in Information Technology,1,3.36,3.19,4.0,3.82,3.61,2.93,2.62,1,5,3,3,2,Data Science / AI,1,2,0,1,1,1,1,1,0,1,0,1,0,0,0,0,2,2,0,1,1,1,1,0,0
STU_1377,Methmi Gamage,D/IS/22/1377,BSc (Hons) in Information Systems,3,3.2,3.75,3.04,3.27,3.38,2.92,2.83,2,5,1,3,2,Data Science / AI,3,1,1,1,2,2,3,2,1,2,0,0,1,0,1,0,1,2,2,1,0,2,1,0,0
STU_1385,Fathima Silva,D/SE/24/1385,BSc (Hons) in Software Engineering,1,2.17,2.36,2.93,2.47,1.59,1.71,1.94,4,3,2,2,4,Software Engineering,1,1,2,1,0,0,0,2,2,0,0,0,2,2,0,0,2,0,0,0,0,0,2,1,0
STU_1225,Anushka Senaratne,D/SE/24/1225,BSc (Hons) in Software Engineering,1,2.46,2.32,2.32,2.9,2.65,2.45,2.14,3,2,3,3,3,UI/UX Design,2,1,3,1,2,2,0,1,2,1,0,0,1,1,1,2,1,2,0,0,1,1,0,1,2
STU_1808,Sewwandi Gamage,D/DBA/24/1808,BSc (Hons) in Data Science & Business Analytics,1,2.96,2.61,3.52,2.8,2.92,2.81,3.07,1,1,4,3,1,Data Science / AI,1,0,0,0,0,1,1,0,1,3,0,0,1,1,1,1,1,2,3,0,3,1,1,1,2
STU_1696,Kavindu Bandara,D/DBA/23/1696,BSc (Hons) in Data Science & Business Analytics,2,2.9,3.13,2.8,2.77,3.16,3.07,2.5,3,2,4,5,1,Cloud / DevOps,1,1,2,1,2,0,0,0,0,0,0,1,1,0,0,0,1,2,2,2,1,1,0,0,1
STU_1473,Fathima Herath,D/IT/22/1473,BSc (Hons) in Information Technology,3,3.05,2.4,2.36,3.76,3.25,3.07,3.44,4,3,2,3,2,Cloud / DevOps,2,1,2,1,1,1,0,2,0,0,0,0,2,0,1,1,2,2,3,3,2,1,0,1,2
STU_1348,Dinithi Abeysekara,D/CS/23/1348,BSc (Hons) in Computer Science,2,2.97,2.67,2.67,2.9,3.47,3.13,2.97,4,2,4,3,2,Cloud / DevOps,1,1,2,1,1,0,0,0,1,1,0,3,1,2,1,0,2,2,1,1,0,1,2,0,0
STU_1506,Chathuri Dissanayake,D/DBA/22/1506,BSc (Hons) in Data Science & Business Analytics,3,3.47,4.0,3.48,3.73,2.8,3.25,3.57,4,3,3,3,2,Data Science / AI,3,1,0,1,3,1,2,2,1,3,0,0,2,1,0,2,0,3,1,0,0,0,0,1,0
STU_1640,Aqeel Alwis,D/DBA/23/1640,BSc (Hons) in Data Science & Business Analytics,2,3.67,4.0,4.0,4.0,3.22,2.79,4.0,4,5,1,2,2,Data Science / AI,0,0,0,0,1,1,0,1,1,1,0,0,0,2,1,0,2,0,1,0,1,0,0,0,2
STU_1839,Tharindu Cooray,D/IS/23/1839,BSc (Hons) in Information Systems,2,3.58,3.5,3.4,3.77,3.49,3.33,4.0,2,1,3,2,5,UI/UX Design,0,0,0,1,1,0,1,1,0,0,1,0,2,0,0,1,1,0,2,0,2,2,0,1,3
STU_1788,Ishara Wijesinghe,D/IS/22/1788,BSc (Hons) in Information Systems,3,2.97,2.8,3.71,3.36,3.12,2.32,2.51,4,3,1,1,1,Data Science / AI,2,0,3,1,3,3,2,1,3,0,0,0,0,1,2,0,0,0,1,0,2,0,3,0,0
STU_1767,Kavindu Fernando,D/SE/21/1767,BSc (Hons) in Software Engineering,4,3.09,3.16,3.76,2.66,2.81,2.83,3.32,3,3,2,3,4,UI/UX Design,2,0,1,0,3,0,0,3,0,1,0,1,1,0,3,0,0,0,1,0,1,3,2,2,2
STU_1620,Senuri Peiris,D/CS/22/1620,BSc (Hons) in Computer Science,3,3.32,4.0,4.0,3.38,3.35,3.08,2.14,4,5,1,2,3,Data Science / AI,1,0,1,0,3,2,0,1,2,2,0,3,1,1,0,2,1,0,2,0,1,1,1,2,2
STU_1726,Akila Jayasinghe,D/DBA/23/1726,BSc (Hons) in Data Science & Business Analytics,2,3.15,3.52,3.72,2.73,2.49,3.54,2.88,3,4,1,3,2,Software Engineering,1,2,1,1,1,0,0,1,1,0,1,0,1,2,1,1,1,0,1,0,0,1,1,3,1
STU_1646,Supun Abeysekara,D/CS/24/1646,BSc (Hons) in Computer Science,1,2.7,2.38,2.47,2.69,3.14,3.03,2.49,2,3,2,4,1,Cloud / DevOps,3,0,0,0,1,0,1,0,1,1,0,0,2,1,0,0,1,1,1,2,1,0,1,0,0
STU_1719,Sachini Cooray,D/IT/23/1719,BSc (Hons) in Information Technology,2,3.64,4.0,3.41,3.27,3.85,4.0,3.3,1,2,5,4,3,Cybersecurity,1,1,0,1,2,2,0,2,0,0,1,2,0,1,0,1,2,1,0,3,1,1,1,3,1
STU_1557,Dilshan Abeysekara,D/CS/21/1557,BSc (Hons) in Computer Science,4,3.4,2.96,2.95,3.26,3.85,3.96,3.44,1,3,5,4,1,Cybersecurity,3,0,0,1,3,0,0,1,2,2,3,1,3,1,3,1,1,1,0,0,0,1,0,0,1
STU_1812,Amal Abeysekara,D/IS/23/1812,BSc (Hons) in Information Systems,2,3.24,3.39,3.41,4.0,2.54,3.17,2.95,2,5,2,3,4,Data Science / AI,0,1,1,1,1,3,1,0,3,2,0,2,0,0,1,0,2,2,0,2,0,1,2,2,0
STU_1578,Methmi Silva,D/DBA/22/1578,BSc (Hons) in Data Science & Business Analytics,3,3.33,3.22,4.0,3.83,3.38,3.48,2.07,4,5,3,2,1,Data Science / AI,2,0,0,0,1,2,3,1,2,1,1,0,0,0,3,1,0,0,0,0,1,0,1,0,1
STU_1086,Dulan Fonseka,D/IS/22/1086,BSc (Hons) in Information Systems,3,2.85,3.12,2.77,3.15,2.65,3.11,2.28,5,5,2,2,2,Data Science / AI,3,0,0,0,1,2,1,3,3,2,1,2,0,2,1,1,1,0,0,1,0,1,0,0,0
STU_1243,Buddhika Liyanage,D/SE/23/1243,BSc (Hons) in Software Engineering,2,2.55,2.14,2.07,2.77,3.04,3.01,2.26,3,3,5,3,1,Cybersecurity,1,0,0,0,1,1,1,0,2,2,1,1,1,2,2,0,1,0,0,1,1,0,1,2,1
STU_1160,Oshada Senaratne,D/CE/24/1160,BSc (Hons) in Computer Engineering,1,2.92,2.98,1.79,2.68,3.58,3.09,3.4,1,1,2,5,1,Cybersecurity,1,0,0,0,3,1,0,0,3,0,2,0,3,2,1,0,0,0,0,0,0,1,1,0,0
STU_1525,Kasun Gunawardena,D/SE/24/1525,BSc (Hons) in Software Engineering,1,3.71,3.47,3.85,3.2,4.0,3.97,3.77,2,2,3,3,2,Cybersecurity,0,1,1,0,0,0,0,0,1,1,2,2,1,0,1,0,0,3,1,0,0,0,0,0,0
STU_1036,Buddhika Fernando,D/IT/22/1036,BSc (Hons) in Information Technology,3,2.81,3.36,1.91,2.77,3.3,3.16,2.33,3,2,3,5,4,Cloud / DevOps,0,0,2,0,3,0,1,0,1,1,1,3,1,0,1,2,1,0,1,3,0,0,0,0,0
STU_1541,Nuwan Wijesinghe,D/CS/23/1541,BSc (Hons) in Computer Science,2,3.43,3.64,3.14,4.0,3.45,3.27,3.07,3,4,2,2,2,Data Science / AI,2,0,0,0,3,1,1,3,1,1,0,0,1,0,0,0,0,0,0,0,2,1,0,1,0
STU_1171,Ishara Bandara,D/CE/22/1171,BSc (Hons) in Computer Engineering,3,2.33,2.2,2.08,2.62,2.39,2.13,2.57,3,3,2,5,2,Software Engineering,2,2,2,1,2,1,1,1,2,0,1,0,2,2,0,1,0,0,1,0,1,0,0,2,1
STU_1655,Chathuri Alwis,D/IT/21/1655,BSc (Hons) in Information Technology,4,3.47,3.67,3.05,3.54,4.0,3.34,3.18,2,1,5,3,1,Cybersecurity,2,0,0,2,2,2,0,0,0,0,3,3,3,3,3,1,1,0,0,1,2,1,1,0,1
STU_1728,Sanduni Herath,D/DBA/23/1728,BSc (Hons) in Data Science & Business Analytics,2,1.87,2.53,1.99,2.27,2.13,1.27,1.0,5,4,3,5,1,Software Engineering,1,2,2,1,3,0,0,0,1,0,1,1,1,2,2,2,2,0,1,0,1,1,0,3,1
STU_1755,Rashmi Dissanayake,D/CS/23/1755,BSc (Hons) in Computer Science,2,2.84,2.98,2.23,2.57,3.65,2.92,2.7,2,1,5,2,2,Cybersecurity,0,0,1,0,3,3,0,0,2,2,2,1,0,1,1,0,1,0,2,0,0,0,0,1,0
STU_1801,Maleesha Cooray,D/SE/23/1801,BSc (Hons) in Software Engineering,2,2.57,2.57,2.99,2.87,2.29,2.4,2.28,4,3,3,2,2,Software Engineering,1,1,1,2,0,0,0,0,2,1,1,1,2,0,1,1,0,0,0,1,0,1,0,3,0
STU_1096,Buddhika Alwis,D/SE/22/1096,BSc (Hons) in Software Engineering,3,3.29,2.62,3.96,3.27,3.34,3.19,3.36,3,2,4,3,3,Cloud / DevOps,1,0,1,1,2,0,2,0,1,0,1,1,2,1,0,3,2,2,3,1,0,1,2,0,0
STU_1564,Sachini Bandara,D/IT/22/1564,BSc (Hons) in Information Technology,3,2.42,2.33,2.45,2.2,2.71,3.1,1.76,3,2,4,5,1,Cloud / DevOps,3,3,2,1,2,1,2,0,1,1,1,2,2,0,0,1,2,3,2,3,0,2,1,0,1
STU_1241,Methmi Senaratne,D/DBA/23/1241,BSc (Hons) in Data Science & Business Analytics,2,3.17,3.29,3.16,3.35,3.32,3.32,2.61,4,3,1,3,4,Software Engineering,1,1,0,2,1,1,0,2,0,2,1,2,1,1,1,0,0,0,3,0,1,1,1,2,0
STU_1575,Methmi Alwis,D/SE/22/1575,BSc (Hons) in Software Engineering,3,3.43,3.5,4.0,3.95,3.2,3.13,2.78,3,1,2,1,2,Software Engineering,2,2,2,1,2,0,0,0,0,1,3,0,2,0,2,1,2,0,0,0,0,2,1,2,1
STU_1691,Vihan Rajapaksha,D/IT/21/1691,BSc (Hons) in Information Technology,4,3.5,3.02,3.42,3.28,4.0,3.79,3.48,2,2,4,5,2,Cloud / DevOps,1,1,0,1,2,1,0,0,2,0,0,0,2,3,2,1,2,3,3,1,1,0,1,0,3
STU_1461,Methmi Gunawardena,D/CE/24/1461,BSc (Hons) in Computer Engineering,1,3.57,3.85,3.12,3.27,3.64,3.65,3.9,5,3,3,3,2,Software Engineering,1,1,1,0,1,0,1,1,0,0,0,0,2,3,2,1,0,0,2,2,0,0,1,0,1
STU_1554,Dinithi Fernando,D/CS/22/1554,BSc (Hons) in Computer Science,3,3.3,4.0,3.44,2.97,3.52,3.21,2.66,3,5,2,1,2,Data Science / AI,1,0,0,0,3,3,0,1,1,2,0,2,2,0,1,0,0,0,0,1,1,0,3,0,0
STU_1745,Shanika Gamage,D/SE/22/1745,BSc (Hons) in Software Engineering,3,2.9,3.74,3.05,2.78,2.6,2.75,2.47,4,3,2,2,3,Software Engineering,2,3,2,3,3,0,1,0,2,0,2,0,2,1,3,1,0,1,1,1,0,0,2,1,0
STU_1207,Maleesha Gunawardena,D/CS/23/1207,BSc (Hons) in Computer Science,2,3.24,3.61,2.73,3.3,2.88,2.92,4.0,4,1,2,1,4,UI/UX Design,0,2,1,1,1,2,1,2,1,2,1,2,0,0,0,0,2,0,0,0,0,1,2,1,0
STU_1393,Dinithi Liyanage,D/SE/23/1393,BSc (Hons) in Software Engineering,2,3.24,3.06,3.32,3.19,2.51,3.84,3.5,3,3,1,2,1,Software Engineering,0,1,2,2,0,1,2,1,0,2,0,0,1,2,3,2,0,2,0,0,0,0,1,1,2
STU_1398,Tharindu Bandara,D/CE/22/1398,BSc (Hons) in Computer Engineering,3,3.26,3.06,3.06,3.11,3.97,3.82,2.53,2,2,4,4,1,Cloud / DevOps,0,1,2,2,3,0,0,1,1,3,1,0,3,0,0,2,3,2,1,2,0,0,0,1,2
STU_1721,Sanduni Peiris,D/SE/23/1721,BSc (Hons) in Software Engineering,2,3.28,3.43,3.29,2.57,3.52,3.03,3.83,4,3,2,5,2,Software Engineering,2,2,0,2,0,0,1,1,1,1,1,2,1,0,2,0,0,1,1,0,2,0,0,1,0
STU_1218,Dilshan Silva,D/DBA/22/1218,BSc (Hons) in Data Science & Business Analytics,3,2.78,2.83,2.25,2.86,2.65,3.11,2.98,3,3,5,4,2,Cloud / DevOps,2,2,2,2,3,2,0,0,2,0,1,0,0,0,1,2,2,2,2,2,0,0,0,0,1
STU_1005,Ishara Rajapaksha,D/DBA/21/1005,BSc (Hons) in Data Science & Business Analytics,4,3.49,4.0,4.0,4.0,3.11,3.21,2.61,4,5,1,3,3,Data Science / AI,1,0,2,1,0,1,2,0,1,2,1,1,0,1,0,0,1,1,2,1,1,0,0,0,0
STU_1643,Oshada Wijesinghe,D/CS/22/1643,BSc (Hons) in Computer Science,3,2.59,2.77,2.51,3.03,2.41,2.77,2.03,3,4,2,2,3,Data Science / AI,2,1,0,1,1,3,2,2,3,2,0,0,2,2,1,1,0,0,0,2,2,0,1,1,0
STU_1761,Rashmi Tharumila,D/IS/22/1761,BSc (Hons) in Information Systems,3,3.55,4.0,4.0,3.97,2.92,3.55,2.85,3,3,2,5,4,Software Engineering,2,2,0,1,2,0,0,0,1,0,0,0,0,1,1,1,0,2,1,0,0,0,1,2,0
STU_1613,Minoli Perera,D/DBA/23/1613,BSc (Hons) in Data Science & Business Analytics,2,3.24,3.82,3.28,3.93,3.01,2.98,2.41,2,3,1,4,3,Software Engineering,2,2,2,0,2,0,1,0,1,0,0,0,1,0,1,0,0,2,1,2,1,2,1,1,1
STU_1547,Anushka Herath,D/CS/23/1547,BSc (Hons) in Computer Science,2,2.76,2.22,2.72,3.01,2.43,3.4,2.77,2,3,5,3,2,Data Science / AI,3,1,2,0,1,1,0,1,2,1,1,0,1,0,0,0,1,0,0,1,1,0,0,0,1
STU_1684,Sanduni Mendis,D/DBA/22/1684,BSc (Hons) in Data Science & Business Analytics,3,3.84,3.76,4.0,4.0,3.76,4.0,3.54,3,3,1,1,2,Data Science / AI,0,0,1,0,3,2,1,2,3,2,1,1,2,0,1,2,1,1,0,0,1,0,2,3,1
STU_1099,Maleesha Fernando,D/CS/22/1099,BSc (Hons) in Computer Science,3,3.62,3.98,3.75,3.98,3.2,3.0,3.85,4,5,1,1,2,Data Science / AI,0,1,1,1,1,2,1,2,1,1,0,0,0,0,0,0,0,1,0,0,0,0,1,1,2
STU_1574,Rashmi Fonseka,D/DBA/22/1574,BSc (Hons) in Data Science & Business Analytics,3,3.07,3.13,3.56,3.83,2.42,3.07,2.41,2,4,2,1,3,Data Science / AI,3,0,0,1,3,3,0,1,2,2,0,1,1,0,0,0,0,0,0,2,0,2,0,0,0
STU_1407,Dulan Abeysekara,D/DBA/21/1407,BSc (Hons) in Data Science & Business Analytics,4,3.35,3.93,3.24,3.33,2.47,3.47,3.68,3,2,1,1,1,Data Science / AI,1,3,1,0,2,2,2,0,3,1,0,0,1,0,0,0,1,0,0,0,0,0,0,0,0
STU_1503,Hasitha Rajapaksha,D/SE/23/1503,BSc (Hons) in Software Engineering,2,3.26,2.49,3.66,3.0,3.55,3.51,3.34,2,2,2,5,1,Cloud / DevOps,1,0,3,0,0,1,0,0,1,0,2,0,1,0,0,1,2,2,2,0,0,3,0,2,1
STU_1048,Buddhika Rathnayake,D/DBA/23/1048,BSc (Hons) in Data Science & Business Analytics,2,3.56,3.47,4.0,4.0,3.01,3.75,3.16,5,3,1,2,3,Software Engineering,2,3,1,3,0,0,0,2,2,0,0,1,0,2,2,0,2,0,3,1,1,0,2,1,0
STU_1033,Sewwandi Wickramasinghe,D/IT/24/1033,BSc (Hons) in Information Technology,1,2.66,2.74,2.76,2.37,2.91,2.8,2.4,3,3,3,4,2,Cloud / DevOps,0,1,3,1,3,1,1,1,1,0,1,0,2,3,1,0,1,0,2,2,2,0,2,2,0
STU_1201,Dulan Alwis,D/CS/24/1201,BSc (Hons) in Computer Science,1,2.06,1.99,2.11,1.95,2.12,1.92,2.25,2,2,2,3,3,Software Engineering,1,0,1,0,1,1,2,1,0,0,0,0,0,1,0,1,0,3,1,1,0,2,1,2,0
STU_1135,Sahan Rajapaksha,D/CS/22/1135,BSc (Hons) in Computer Science,3,3.35,3.04,3.68,3.05,4.0,3.58,2.75,4,2,3,4,2,Cloud / DevOps,0,0,2,1,2,0,2,0,0,0,1,2,2,1,0,2,2,2,0,2,0,1,0,0,1
STU_1028,Dulan Peiris,D/CS/24/1028,BSc (Hons) in Computer Science,1,3.38,3.62,3.97,3.58,3.42,2.94,2.75,5,3,2,3,4,Software Engineering,1,1,2,2,1,2,1,1,1,1,0,0,0,0,1,1,0,1,0,2,2,0,0,0,1
STU_1747,Akila Rajapaksha,D/DBA/22/1747,BSc (Hons) in Data Science & Business Analytics,3,3.5,3.75,3.76,3.27,3.63,3.64,2.95,3,5,1,3,1,Data Science / AI,1,0,0,1,2,3,2,1,1,2,0,2,1,0,0,0,1,1,1,0,0,0,0,0,2
STU_1231,Sewwandi Senaratne,D/CS/24/1231,BSc (Hons) in Computer Science,1,3.09,3.45,2.72,3.69,2.49,2.93,3.26,4,4,2,3,3,Data Science / AI,0,0,0,0,2,1,2,1,2,1,1,0,1,0,0,0,0,2,0,1,3,0,1,0,0
STU_1490,Kasun Rathnayake,D/IS/22/1490,BSc (Hons) in Information Systems,3,2.63,3.19,3.5,2.17,2.62,1.95,2.32,3,5,3,2,1,Data Science / AI,2,0,0,1,1,3,2,3,1,3,0,1,1,0,0,0,1,1,1,0,0,1,1,0,1
STU_1379,Kavinda Perera,D/CE/24/1379,BSc (Hons) in Computer Engineering,1,2.96,3.01,3.3,3.13,2.98,2.79,2.52,1,5,3,3,2,Data Science / AI,0,1,0,0,1,2,3,1,2,1,1,0,1,0,0,1,1,1,2,1,0,0,1,2,3
STU_1289,Dilshan Fonseka,D/DBA/23/1289,BSc (Hons) in Data Science & Business Analytics,2,2.82,2.96,3.32,2.91,2.53,2.81,2.4,4,2,1,4,1,Software Engineering,3,1,0,1,2,1,0,0,1,0,2,2,0,0,1,0,2,1,0,0,1,1,0,1,0
STU_1419,Kavindi Gamage,D/CS/23/1419,BSc (Hons) in Computer Science,2,2.83,3.74,3.19,2.82,2.17,2.56,2.5,3,5,1,1,3,Data Science / AI,1,1,0,1,2,2,2,1,1,2,0,0,1,0,1,0,0,2,1,1,1,1,1,1,2
STU_1675,Kasun Liyanage,D/CE/23/1675,BSc (Hons) in Computer Engineering,2,2.59,1.98,1.89,3.23,3.44,3.02,1.99,4,1,4,5,2,Cloud / DevOps,3,1,1,1,0,0,1,0,3,0,0,1,2,0,0,2,1,0,1,0,3,1,3,0,3
STU_1392,Ishara Herath,D/CS/22/1392,BSc (Hons) in Computer Science,3,2.35,2.08,2.26,2.98,2.02,2.89,1.88,4,3,2,3,4,Software Engineering,1,3,3,1,3,1,1,2,2,1,1,0,1,0,3,1,0,0,0,0,1,0,1,2,2
STU_1593,Chathuri Karunaratne,D/IS/22/1593,BSc (Hons) in Information Systems,3,3.68,3.78,3.31,3.93,4.0,3.51,3.54,4,3,2,4,3,Software Engineering,2,2,2,2,3,0,1,0,2,1,0,1,0,1,2,0,0,1,0,0,1,0,1,2,0
STU_1499,Ravindu Liyanage,D/IT/23/1499,BSc (Hons) in Information Technology,2,2.59,2.83,4.0,2.22,2.2,1.88,2.39,3,3,1,4,4,Software Engineering,1,0,2,0,3,0,0,1,2,0,0,0,3,1,1,0,0,0,0,1,0,0,1,1,0
STU_1139,Dulan Karunaratne,D/CS/22/1139,BSc (Hons) in Computer Science,3,3.0,2.91,3.35,3.4,2.65,3.33,2.34,3,4,2,2,1,Data Science / AI,2,1,2,1,2,0,0,1,0,3,1,0,2,0,0,0,0,0,0,0,3,0,0,0,1
STU_1063,Chamari Mendis,D/SE/22/1063,BSc (Hons) in Software Engineering,3,3.08,2.95,2.87,3.63,2.8,2.63,3.57,2,1,2,2,4,UI/UX Design,1,1,0,2,3,1,2,3,1,0,0,1,2,0,2,1,0,3,1,0,2,1,2,2,2
STU_1472,Nuwan Jayasinghe,D/CE/24/1472,BSc (Hons) in Computer Engineering,1,3.54,3.69,4.0,3.21,4.0,3.06,3.29,3,3,3,2,2,Data Science / AI,1,0,2,0,1,3,2,0,2,3,0,1,1,1,0,1,0,1,0,0,0,1,0,0,0
STU_1648,Dinithi Jayasinghe,D/IT/23/1648,BSc (Hons) in Information Technology,2,2.23,1.84,2.17,2.29,1.63,2.92,2.53,3,3,1,2,3,UI/UX Design,1,3,0,0,1,1,2,3,1,0,0,0,2,0,1,2,0,1,0,0,0,0,1,1,2
STU_1129,Tharindu Fonseka,D/CE/23/1129,BSc (Hons) in Computer Engineering,2,2.86,2.59,3.09,2.68,3.57,3.23,1.99,3,2,5,2,2,Cybersecurity,2,0,2,0,1,0,1,1,0,1,1,0,2,1,1,0,0,0,0,0,1,2,1,0,0
STU_1829,Methmi Dissanayake,D/DBA/23/1829,BSc (Hons) in Data Science & Business Analytics,2,3.16,3.34,3.48,3.2,3.54,2.27,3.14,4,2,3,2,3,Software Engineering,0,1,1,1,1,1,2,0,1,2,0,0,2,2,2,0,0,0,0,0,0,0,1,2,0
STU_1521,Sewwandi Abeysekara,D/IT/24/1521,BSc (Hons) in Information Technology,1,2.55,3.17,2.45,2.37,2.99,2.36,1.96,3,3,4,3,3,Software Engineering,2,0,3,1,1,0,2,1,0,0,0,0,1,3,2,2,0,1,0,0,0,0,3,1,1
STU_1065,Tharindu Abeysekara,D/SE/24/1065,BSc (Hons) in Software Engineering,1,2.33,2.47,2.94,1.77,2.53,2.02,2.23,5,3,1,3,1,Software Engineering,2,1,1,1,2,0,0,2,2,0,1,1,2,1,1,0,0,1,0,1,0,0,2,1,0
STU_1015,Ravindu Herath,D/IT/22/1015,BSc (Hons) in Information Technology,3,2.39,2.28,1.99,1.5,3.28,2.17,3.12,3,2,5,5,4,Cloud / DevOps,1,0,3,1,1,0,0,2,0,0,0,0,3,0,1,0,3,0,0,2,3,2,1,2,0
STU_1157,Praveen Fernando,D/DBA/22/1157,BSc (Hons) in Data Science & Business Analytics,3,3.18,2.92,3.29,3.43,3.62,2.54,3.27,4,4,2,1,2,Data Science / AI,3,0,0,1,2,1,3,3,2,0,1,1,0,0,2,0,1,0,0,0,1,0,1,1,1
STU_1041,Akila Tharumila,D/SE/22/1041,BSc (Hons) in Software Engineering,3,2.89,2.79,2.81,2.72,2.98,3.77,2.26,2,3,4,4,2,Cloud / DevOps,0,1,3,0,0,0,2,0,2,1,0,0,1,1,1,2,2,0,3,3,0,3,1,1,1
STU_1493,Methmi Gamage,D/IT/23/1493,BSc (Hons) in Information Technology,2,2.97,3.85,2.4,3.17,3.06,2.83,2.53,4,3,1,3,3,Software Engineering,1,1,1,0,1,0,2,1,2,2,2,0,3,1,2,0,0,3,0,0,0,2,0,3,0
STU_1380,Supun Karunaratne,D/CE/23/1380,BSc (Hons) in Computer Engineering,2,3.37,3.35,3.13,3.43,3.94,3.86,2.51,4,3,5,5,3,Cloud / DevOps,2,0,1,1,1,3,0,0,2,0,1,1,0,2,0,1,0,0,2,2,0,1,1,2,0
STU_1188,Dilshan Wickramasinghe,D/IT/22/1188,BSc (Hons) in Information Technology,3,3.46,3.92,3.68,3.57,3.49,3.31,2.78,3,5,1,1,3,Data Science / AI,2,1,1,2,1,1,2,1,2,2,0,0,1,1,1,0,0,0,0,2,0,1,2,0,0
STU_1217,Akila Cooray,D/IT/22/1217,BSc (Hons) in Information Technology,3,2.61,2.61,2.9,3.03,2.77,2.26,2.1,3,4,2,3,2,Software Engineering,2,2,2,3,3,1,0,0,3,0,0,0,3,0,2,1,0,0,3,2,2,1,0,3,0
STU_1053,Sachini Karunaratne,D/SE/23/1053,BSc (Hons) in Software Engineering,2,2.76,2.25,2.91,2.98,2.77,3.53,2.12,3,3,4,3,2,Cybersecurity,2,1,1,0,1,1,2,0,1,1,1,1,1,2,1,0,0,0,0,0,1,1,1,1,3
STU_1338,Amal Silva,D/IT/24/1338,BSc (Hons) in Information Technology,1,3.02,1.93,2.92,3.15,4.0,3.24,2.89,1,2,3,3,2,Cybersecurity,0,1,0,1,0,2,2,0,1,0,3,1,0,1,0,0,1,0,0,0,0,0,1,0,1
STU_1749,Sanduni Perera,D/SE/23/1749,BSc (Hons) in Software Engineering,2,2.84,2.77,2.99,3.25,2.67,2.54,2.85,3,4,2,1,2,Data Science / AI,1,0,0,1,3,1,1,0,0,1,3,2,1,1,1,1,1,1,0,2,0,0,2,0,0
STU_1720,Sewwandi Dissanayake,D/CS/23/1720,BSc (Hons) in Computer Science,2,3.18,3.58,2.56,3.64,3.56,2.49,3.24,2,2,1,4,4,Software Engineering,0,3,0,0,2,1,0,1,0,2,1,0,0,1,1,1,2,0,2,1,0,1,0,1,1
STU_1725,Praveen Rathnayake,D/CE/21/1725,BSc (Hons) in Computer Engineering,4,3.13,3.26,3.17,3.06,2.91,2.67,3.7,2,2,2,1,4,UI/UX Design,0,0,1,0,2,0,0,2,1,2,0,0,1,2,0,0,0,0,0,1,2,2,2,1,2
STU_1296,Praveen Perera,D/CS/22/1296,BSc (Hons) in Computer Science,3,2.72,2.44,2.62,2.45,2.53,2.75,3.51,3,2,2,4,5,UI/UX Design,1,0,0,0,2,0,1,2,1,0,0,2,0,1,1,0,0,0,0,0,1,1,2,3,1
STU_1702,Methmi Dissanayake,D/CS/23/1702,BSc (Hons) in Computer Science,2,3.22,3.91,2.97,3.88,2.83,3.1,2.63,4,4,3,2,2,Software Engineering,1,1,3,1,0,1,1,0,1,1,0,0,2,1,2,0,0,1,1,1,0,0,1,1,0
STU_1252,Methmi Gunawardena,D/CS/22/1252,BSc (Hons) in Computer Science,3,3.12,3.18,3.99,2.83,2.62,2.48,3.64,5,2,1,2,2,Software Engineering,2,1,2,2,2,0,0,1,3,1,1,1,1,0,2,0,1,1,1,0,0,1,1,3,3
STU_1727,Amal Jayasinghe,D/CS/23/1727,BSc (Hons) in Computer Science,2,3.43,3.67,3.51,4.0,3.5,2.63,3.24,4,3,1,1,2,Software Engineering,2,1,2,0,1,1,1,0,2,1,2,2,1,2,2,2,2,1,0,0,2,1,0,1,1
STU_1462,Dulan Wijesinghe,D/DBA/22/1462,BSc (Hons) in Data Science & Business Analytics,3,2.78,2.9,3.79,2.71,2.31,1.79,3.16,4,4,3,1,2,Data Science / AI,0,1,1,0,0,2,2,2,2,3,0,0,0,1,0,3,1,0,0,1,0,2,0,0,1
STU_1456,Nuwan Rathnayake,D/CS/22/1456,BSc (Hons) in Computer Science,3,3.32,3.23,3.52,3.44,3.02,4.0,2.72,2,3,3,2,2,Cybersecurity,1,0,2,0,2,1,0,0,1,1,3,2,3,1,1,2,1,1,1,0,0,1,2,0,0
STU_1848,Supun Wijesinghe,D/IS/22/1848,BSc (Hons) in Information Systems,3,3.15,3.94,3.92,2.93,3.23,2.75,2.15,3,3,2,2,2,Data Science / AI,1,0,3,1,1,2,2,3,3,1,0,0,3,1,2,0,1,0,2,0,1,0,1,0,0
STU_1270,Hasitha Wickramasinghe,D/CS/24/1270,BSc (Hons) in Computer Science,1,3.27,3.51,2.18,3.8,3.82,3.56,2.74,4,3,5,2,3,Cybersecurity,0,2,3,1,0,1,2,1,2,0,0,0,3,1,2,0,2,1,0,2,0,0,0,2,2
STU_1202,Sewwandi Fonseka,D/SE/24/1202,BSc (Hons) in Software Engineering,1,2.51,2.56,3.0,2.28,2.87,2.77,1.55,2,2,1,3,2,Data Science / AI,2,2,0,1,1,2,0,1,1,1,1,2,1,2,0,0,0,0,1,1,1,1,1,0,0
STU_1162,Kavinda Jayasinghe,D/IS/22/1162,BSc (Hons) in Information Systems,3,3.83,3.85,4.0,3.96,4.0,3.86,3.32,4,4,1,2,2,Software Engineering,3,2,2,1,2,0,1,0,3,0,0,1,1,0,3,0,2,1,0,1,0,0,2,2,0
STU_1556,Hasitha Wijesinghe,D/IS/22/1556,BSc (Hons) in Information Systems,3,2.55,2.86,1.93,2.98,2.3,2.4,2.8,4,3,2,1,2,Software Engineering,2,2,3,0,2,2,2,0,2,0,0,0,2,0,2,1,3,1,0,0,0,1,1,2,0
STU_1730,Supun Jayasinghe,D/DBA/21/1730,BSc (Hons) in Data Science & Business Analytics,4,3.49,3.69,3.77,3.82,2.94,3.04,3.68,3,5,3,1,2,Data Science / AI,1,0,1,2,3,0,3,0,1,2,0,1,2,0,0,0,0,0,1,0,1,0,0,0,1
STU_1402,Shanika Senaratne,D/CS/23/1402,BSc (Hons) in Computer Science,2,2.87,2.86,2.22,3.03,3.02,3.32,2.79,4,3,2,4,3,Cloud / DevOps,1,0,2,0,1,0,0,0,0,0,0,0,2,1,1,3,0,0,1,3,1,0,0,1,0
STU_1703,Chathuri Senaratne,D/CS/23/1703,BSc (Hons) in Computer Science,2,3.62,3.33,3.08,3.86,4.0,4.0,3.47,3,1,3,3,3,Cloud / DevOps,1,0,3,0,2,1,0,0,0,0,0,1,1,1,0,2,0,1,0,0,1,1,1,1,2
STU_1477,Chamari Abeysekara,D/SE/22/1477,BSc (Hons) in Software Engineering,3,2.42,2.48,2.69,2.33,2.3,2.6,2.15,2,4,2,3,2,Software Engineering,3,2,1,0,2,2,1,0,1,1,1,0,0,0,2,1,1,1,0,1,3,2,2,1,1
STU_1772,Sewwandi Abeysekara,D/SE/23/1772,BSc (Hons) in Software Engineering,2,3.39,3.68,2.34,3.15,4.0,3.99,3.17,3,1,1,5,1,Cloud / DevOps,0,2,1,2,0,1,0,0,2,0,0,1,1,0,0,1,2,0,1,1,1,2,0,0,0
STU_1106,Kasun Alwis,D/CE/23/1106,BSc (Hons) in Computer Engineering,2,3.36,3.42,3.15,2.73,4.0,3.53,3.34,3,3,4,5,3,Cloud / DevOps,1,2,2,0,1,2,0,2,2,1,0,0,3,0,1,1,0,0,1,3,0,0,0,1,0
STU_1566,Akila Tharumila,D/IS/22/1566,BSc (Hons) in Information Systems,3,3.06,2.7,2.28,3.25,3.23,3.42,3.51,2,2,4,3,2,Cybersecurity,0,2,1,1,3,1,0,0,0,0,2,3,1,2,2,3,1,2,0,0,0,0,0,0,0
STU_1390,Tharindu Herath,D/SE/22/1390,BSc (Hons) in Software Engineering,3,3.03,3.7,3.38,3.63,2.13,2.95,2.4,4,4,1,2,2,Software Engineering,3,1,1,0,2,1,1,0,2,1,0,0,1,0,2,0,1,0,0,0,2,1,1,2,0
STU_1002,Chamari Cooray,D/SE/22/1002,BSc (Hons) in Software Engineering,3,3.52,3.57,2.99,4.0,3.41,4.0,3.15,5,3,2,2,3,Software Engineering,1,1,0,2,2,0,0,0,2,1,1,2,2,2,3,0,0,0,1,1,1,0,1,2,3
STU_1796,Dilshan Tharumila,D/IS/23/1796,BSc (Hons) in Information Systems,2,3.37,3.81,3.39,3.58,2.88,3.04,3.5,2,5,2,4,4,Data Science / AI,1,0,0,0,2,2,2,1,1,1,0,0,3,0,1,2,0,1,1,1,1,0,1,0,0
STU_1562,Sewwandi Silva,D/CS/23/1562,BSc (Hons) in Computer Science,2,3.12,4.0,4.0,3.17,3.23,2.4,1.96,4,3,3,4,2,Software Engineering,3,1,1,3,0,0,0,1,3,1,2,0,0,1,3,0,0,0,0,0,0,2,0,2,0
STU_1081,Ishara Fonseka,D/CE/24/1081,BSc (Hons) in Computer Engineering,1,2.3,2.37,1.67,2.82,2.57,2.85,1.51,2,1,2,4,3,Cybersecurity,2,1,2,0,1,2,3,2,1,0,1,2,1,1,2,0,2,0,0,0,1,0,0,2,0
STU_1206,Sewwandi Cooray,D/CS/22/1206,BSc (Hons) in Computer Science,3,3.42,2.96,3.11,3.21,4.0,3.7,3.54,1,2,5,1,4,Cybersecurity,1,0,1,3,3,2,2,0,2,2,2,3,2,2,2,2,0,1,1,0,1,1,1,0,0
STU_1035,Vihan Fonseka,D/IT/23/1035,BSc (Hons) in Information Technology,2,3.31,3.01,2.35,3.57,4.0,4.0,2.92,2,2,3,3,2,Cloud / DevOps,1,1,0,1,1,2,0,1,1,0,1,2,1,1,2,1,1,1,1,2,2,0,0,1,0
STU_1776,Supun Herath,D/SE/24/1776,BSc (Hons) in Software Engineering,1,3.15,3.14,3.34,2.95,3.35,3.15,2.96,4,3,3,5,2,Software Engineering,1,0,2,1,0,1,1,0,2,0,0,1,1,0,2,2,1,0,1,2,3,2,0,0,0
STU_1509,Nimal Wijesinghe,D/SE/22/1509,BSc (Hons) in Software Engineering,3,2.26,2.19,1.58,2.68,2.34,2.11,2.65,2,2,1,1,5,UI/UX Design,2,0,2,1,3,2,0,2,2,0,0,0,1,1,0,0,1,0,3,0,2,2,0,2,2
STU_1428,Maleesha Wijesinghe,D/IT/23/1428,BSc (Hons) in Information Technology,2,3.39,3.08,2.91,3.11,4.0,4.0,3.24,2,2,4,5,3,Cloud / DevOps,1,0,2,0,1,2,1,2,1,1,1,3,3,3,2,0,2,1,2,3,0,1,1,0,0
STU_1455,Chathuri Abeysekara,D/CS/23/1455,BSc (Hons) in Computer Science,2,2.82,3.42,3.19,2.44,2.12,2.66,3.11,2,5,2,2,1,Data Science / AI,1,1,2,0,1,2,2,1,3,1,0,0,2,0,0,0,1,0,0,2,0,0,1,2,1
STU_1367,Ravindu Peiris,D/CS/23/1367,BSc (Hons) in Computer Science,2,3.64,3.84,4.0,3.36,3.41,3.66,3.57,3,5,1,2,2,Data Science / AI,1,3,0,0,1,1,0,2,2,2,0,1,1,0,1,0,0,1,0,2,0,3,0,1,0
STU_1092,Chamari Wickramasinghe,D/SE/21/1092,BSc (Hons) in Software Engineering,4,3.2,4.0,3.83,3.59,2.94,2.37,2.48,5,1,1,4,3,Software Engineering,1,3,2,3,2,1,0,1,0,2,3,0,0,1,1,2,0,0,3,1,2,0,1,2,1
STU_1340,Rashmi Tharumila,D/IS/23/1340,BSc (Hons) in Information Systems,2,2.78,2.7,2.05,2.48,3.04,2.86,3.56,2,1,2,1,2,UI/UX Design,3,1,0,1,1,0,0,2,1,2,0,0,3,0,1,1,2,0,0,1,1,1,0,1,1
STU_1565,Aqeel Mendis,D/DBA/23/1565,BSc (Hons) in Data Science & Business Analytics,2,3.73,3.66,4.0,4.0,3.6,3.62,3.46,2,4,3,1,2,Data Science / AI,1,2,1,0,2,1,2,0,2,0,1,1,0,2,0,2,0,1,1,0,0,1,2,2,0
STU_1346,Rashmi Mendis,D/CS/23/1346,BSc (Hons) in Computer Science,2,3.38,4.0,3.1,3.68,3.38,3.33,2.78,3,1,2,4,1,Software Engineering,1,2,3,1,1,0,2,0,1,3,1,1,1,0,2,0,1,0,2,0,0,1,0,1,0
STU_1777,Ravindu Senaratne,D/CE/22/1777,BSc (Hons) in Computer Engineering,3,2.47,2.51,2.55,2.58,2.32,2.35,2.49,4,3,1,3,2,Software Engineering,3,3,0,1,1,0,1,1,2,0,0,0,2,3,1,0,0,0,0,2,2,0,0,1,0
STU_1242,Kavindi Dissanayake,D/DBA/22/1242,BSc (Hons) in Data Science & Business Analytics,3,3.14,2.73,3.15,2.7,3.86,3.95,2.43,1,1,4,2,3,Cybersecurity,2,1,1,0,1,1,0,0,0,0,3,1,2,2,2,2,2,0,0,0,1,1,1,0,1
STU_1014,Aqeel Rajapaksha,D/IS/23/1014,BSc (Hons) in Information Systems,2,2.18,1.79,2.29,2.27,2.0,3.02,1.72,2,2,2,4,4,Cloud / DevOps,0,0,0,2,0,1,3,1,3,0,1,1,2,0,0,0,2,2,2,0,2,0,0,0,1
STU_1316,Buddhika Abeysekara,D/IT/21/1316,BSc (Hons) in Information Technology,4,2.73,2.23,2.79,2.26,3.57,3.09,2.42,4,1,2,3,4,Cloud / DevOps,1,0,3,1,1,1,1,0,0,0,1,1,1,0,0,2,2,3,2,2,0,1,0,0,1
STU_1601,Rashmi Cooray,D/IS/22/1601,BSc (Hons) in Information Systems,3,3.72,3.55,4.0,3.76,4.0,3.84,3.17,4,4,4,2,4,Software Engineering,3,2,1,1,3,1,0,0,2,0,0,1,1,2,0,0,0,0,0,1,0,2,0,2,3
STU_1388,Amal Gamage,D/IS/22/1388,BSc (Hons) in Information Systems,3,2.62,2.89,2.87,2.45,2.17,2.92,2.44,5,4,2,1,2,Data Science / AI,2,0,1,0,1,2,2,2,3,2,1,1,2,1,0,0,3,0,1,2,1,0,0,0,0
STU_1274,Rashmi Mendis,D/IS/22/1274,BSc (Hons) in Information Systems,3,2.49,2.26,3.01,1.98,1.73,2.5,3.46,1,2,3,1,5,UI/UX Design,1,2,0,3,2,1,0,2,1,0,0,2,1,0,0,1,1,1,0,0,2,1,3,2,1
STU_1167,Ravindu Bandara,D/IS/23/1167,BSc (Hons) in Information Systems,2,2.62,2.74,2.52,3.17,2.63,2.29,2.39,2,1,1,1,4,UI/UX Design,1,0,1,1,1,1,2,1,1,0,2,0,1,1,0,0,1,1,1,1,0,0,2,1,1
STU_1844,Fathima Tharumila,D/DBA/23/1844,BSc (Hons) in Data Science & Business Analytics,2,2.96,2.74,3.39,2.9,2.67,3.88,2.2,1,3,4,4,2,Cybersecurity,3,2,1,1,1,0,1,0,2,1,3,1,2,1,3,0,0,1,1,0,3,0,1,0,0
STU_1647,Sewwandi Rajapaksha,D/SE/22/1647,BSc (Hons) in Software Engineering,3,1.98,2.81,2.6,2.0,2.03,1.44,1.0,3,2,3,3,3,Software Engineering,2,1,1,2,2,0,2,0,1,0,0,1,1,0,3,1,1,2,1,0,0,0,1,3,1
STU_1485,Chathuri Bandara,D/IT/24/1485,BSc (Hons) in Information Technology,1,3.5,3.42,3.56,3.23,3.83,3.91,3.07,3,3,5,4,1,Cybersecurity,1,0,0,0,1,2,0,1,0,0,0,0,1,1,1,0,2,0,0,1,0,3,1,0,0
STU_1833,Hasitha Rajapaksha,D/SE/24/1833,BSc (Hons) in Software Engineering,1,3.66,3.91,3.0,3.17,3.88,4.0,4.0,2,1,3,4,2,Cloud / DevOps,2,3,0,0,2,1,0,0,2,0,0,3,0,0,0,0,3,1,2,0,0,1,2,0,1
STU_1505,Amal Silva,D/IT/23/1505,BSc (Hons) in Information Technology,2,2.64,1.86,2.62,3.15,3.57,2.07,2.57,4,3,3,3,1,Cybersecurity,1,1,0,1,1,2,2,0,1,1,0,0,0,1,0,0,1,0,0,2,1,0,0,1,0
STU_1244,Vihan Wickramasinghe,D/SE/23/1244,BSc (Hons) in Software Engineering,2,2.68,2.99,1.92,2.4,2.7,3.22,2.84,4,1,3,3,2,Cloud / DevOps,2,1,1,0,0,0,2,0,0,2,1,1,0,1,0,2,0,1,2,1,1,0,0,1,1
STU_1567,Kavinda Herath,D/CS/24/1567,BSc (Hons) in Computer Science,1,2.91,3.81,1.83,3.22,2.47,3.24,2.87,4,1,2,4,4,Software Engineering,1,0,1,1,0,0,1,1,1,0,2,2,1,1,1,3,0,1,1,0,1,0,0,1,2
STU_1563,Maleesha Tharumila,D/IT/21/1563,BSc (Hons) in Information Technology,4,2.72,3.84,2.51,2.29,2.85,2.51,2.33,3,5,2,4,3,Software Engineering,3,2,1,2,2,1,2,1,2,0,0,0,0,0,2,1,1,1,0,0,2,0,2,1,0
STU_1687,Rashmi Gamage,D/CS/22/1687,BSc (Hons) in Computer Science,3,2.94,3.11,3.26,3.16,2.54,2.84,2.74,4,2,2,3,3,Software Engineering,3,2,2,2,2,3,1,0,1,2,0,1,1,0,3,0,0,0,1,0,0,2,0,1,1
STU_1190,Aqeel Wijesinghe,D/CE/23/1190,BSc (Hons) in Computer Engineering,2,3.08,2.99,3.34,2.89,3.38,3.87,1.97,3,2,4,5,1,Cloud / DevOps,1,0,1,2,1,1,0,1,0,2,0,1,0,0,0,1,0,1,2,2,0,1,0,1,0
STU_1783,Kavindu Peiris,D/IS/23/1783,BSc (Hons) in Information Systems,2,3.22,3.29,2.86,3.16,3.95,3.16,2.9,3,3,3,4,2,Cloud / DevOps,1,2,1,0,1,0,2,1,2,1,0,1,0,0,1,1,2,1,2,1,1,0,1,0,0
STU_1700,Maleesha Liyanage,D/IS/24/1700,BSc (Hons) in Information Systems,1,2.48,2.61,1.53,2.78,2.15,2.76,3.04,1,2,2,3,5,UI/UX Design,1,1,0,0,1,1,2,0,2,1,0,1,0,1,1,0,2,0,2,0,2,1,2,1,2
STU_1476,Minoli Silva,D/CS/23/1476,BSc (Hons) in Computer Science,2,3.29,3.22,3.16,3.36,2.74,4.0,3.24,3,1,3,4,2,Cloud / DevOps,0,0,2,1,0,0,0,0,1,0,0,1,1,0,0,1,2,2,0,0,0,0,2,0,2
STU_1682,Chathuri Wickramasinghe,D/CS/23/1682,BSc (Hons) in Computer Science,2,2.42,2.01,2.76,2.61,2.29,2.01,2.88,2,1,1,3,4,UI/UX Design,2,2,1,0,1,2,1,3,0,0,0,0,1,0,1,0,0,1,0,1,1,2,1,3,1
STU_1511,Sewwandi Alwis,D/CS/23/1511,BSc (Hons) in Computer Science,2,3.62,3.56,4.0,3.15,4.0,4.0,2.98,4,4,2,5,3,Software Engineering,1,0,2,0,3,0,0,0,2,3,0,0,0,1,1,1,0,1,1,1,1,0,1,1,0
STU_1059,Dinithi Cooray,D/SE/22/1059,BSc (Hons) in Software Engineering,3,3.52,3.32,4.0,3.87,2.94,4.0,2.99,1,3,2,2,3,Cybersecurity,0,2,1,1,1,0,0,0,2,1,2,3,2,2,2,2,0,2,1,0,1,2,1,2,2
STU_1475,Akila Rathnayake,D/SE/24/1475,BSc (Hons) in Software Engineering,1,3.14,3.67,3.35,2.92,3.17,2.06,3.65,3,2,2,4,3,UI/UX Design,1,0,1,1,1,0,3,1,0,0,1,0,0,1,1,0,0,0,0,0,1,0,1,3,1
STU_1561,Sahan Mendis,D/SE/22/1561,BSc (Hons) in Software Engineering,3,3.66,4.0,4.0,3.53,3.37,4.0,3.07,3,3,3,3,3,Software Engineering,0,1,1,2,3,0,2,0,3,0,2,0,3,0,1,0,0,1,3,1,1,0,1,2,2
STU_1748,Kavinda Herath,D/SE/23/1748,BSc (Hons) in Software Engineering,2,3.46,3.57,4.0,4.0,2.44,3.81,2.93,3,3,3,4,3,Software Engineering,2,1,2,1,0,1,0,0,1,1,0,0,2,0,1,2,0,0,0,1,1,1,0,0,0
STU_1253,Dilshan Ahamad,D/CE/23/1253,BSc (Hons) in Computer Engineering,2,2.55,2.29,2.81,3.08,2.81,2.3,2.01,5,1,3,5,1,Cloud / DevOps,3,0,1,1,3,0,0,1,1,0,1,0,1,1,2,1,1,1,2,0,0,0,1,0,0
STU_1022,Vihan Senaratne,D/CS/23/1022,BSc (Hons) in Computer Science,2,2.8,2.11,2.01,2.96,2.98,3.89,2.85,2,3,4,1,1,Cybersecurity,3,0,0,1,0,1,0,2,2,1,3,1,3,0,1,0,1,0,2,2,2,0,1,0,0
STU_1314,Maleesha Silva,D/IT/22/1314,BSc (Hons) in Information Technology,3,2.55,2.83,1.8,3.14,2.2,2.2,3.15,3,2,1,2,3,UI/UX Design,2,0,2,0,2,1,0,1,2,0,1,2,1,1,0,3,1,2,0,1,1,1,3,0,3
STU_1460,Sachini Gunawardena,D/CE/22/1460,BSc (Hons) in Computer Engineering,3,3.25,3.0,2.88,3.03,4.0,3.22,3.38,1,3,4,4,3,Cybersecurity,1,1,0,1,2,0,1,0,1,0,3,1,1,3,2,0,0,0,0,0,0,1,1,1,0
STU_1161,Kavindi Dissanayake,D/DBA/22/1161,BSc (Hons) in Data Science & Business Analytics,3,3.45,3.13,4.0,3.61,3.32,3.51,3.15,3,4,3,2,2,Data Science / AI,2,0,0,2,3,0,2,2,3,1,1,2,1,0,0,0,0,2,0,0,1,0,0,1,2
STU_1277,Minoli Senaratne,D/IT/23/1277,BSc (Hons) in Information Technology,2,2.4,2.56,2.64,2.94,1.76,2.23,2.27,3,2,3,3,2,Data Science / AI,1,0,2,0,2,1,2,1,1,2,0,0,0,0,3,0,2,0,1,0,1,1,0,2,0
STU_1192,Nuwan Fernando,D/CE/24/1192,BSc (Hons) in Computer Engineering,1,2.25,2.41,1.95,1.76,2.43,2.44,2.53,2,1,4,4,3,Cybersecurity,2,0,0,2,3,0,2,0,1,0,1,1,0,1,2,1,1,2,0,1,1,1,0,0,2
STU_1386,Buddhika Perera,D/IS/23/1386,BSc (Hons) in Information Systems,2,3.01,2.77,2.69,3.09,2.96,3.12,3.45,2,1,3,2,5,UI/UX Design,1,2,0,0,2,1,1,2,1,0,0,1,0,0,2,0,0,0,0,0,0,0,1,1,0
STU_1806,Vihan Gamage,D/IT/24/1806,BSc (Hons) in Information Technology,1,2.51,2.47,1.53,3.11,2.98,2.76,2.23,3,1,2,3,1,Cloud / DevOps,1,0,0,1,1,1,0,3,1,1,0,0,1,0,0,3,2,2,2,0,1,0,1,1,0
STU_1414,Tharindu Herath,D/IT/24/1414,BSc (Hons) in Information Technology,1,2.65,2.9,1.6,2.69,3.12,3.37,2.23,3,3,2,2,3,Cloud / DevOps,2,0,0,2,1,1,0,0,0,2,1,0,2,0,1,0,0,0,1,2,1,1,2,0,2
STU_1492,Chamari Rathnayake,D/SE/22/1492,BSc (Hons) in Software Engineering,3,3.23,3.66,3.49,3.17,2.59,3.06,3.41,5,4,2,3,3,Software Engineering,2,1,2,1,2,1,0,0,2,0,1,1,3,0,2,1,2,1,0,0,1,1,2,1,2
STU_1344,Akila Karunaratne,D/IT/22/1344,BSc (Hons) in Information Technology,3,3.13,2.87,2.75,3.56,2.92,3.15,3.54,5,4,2,2,2,Software Engineering,2,2,1,0,2,1,0,1,1,1,0,0,1,2,2,1,1,2,0,0,2,0,0,1,2
STU_1770,Nuwan Perera,D/IT/23/1770,BSc (Hons) in Information Technology,2,2.03,2.31,1.48,2.0,2.75,1.71,1.94,1,1,3,2,2,Cybersecurity,2,2,0,1,1,0,0,0,1,0,1,2,1,0,1,0,0,0,0,0,2,0,0,0,3
STU_1309,Oshada Rathnayake,D/CE/23/1309,BSc (Hons) in Computer Engineering,2,2.44,1.86,1.89,2.7,2.71,2.73,2.72,4,2,3,3,3,Cloud / DevOps,0,0,1,0,0,1,0,1,0,0,0,0,0,3,1,1,0,1,2,0,1,1,1,1,2
STU_1662,Kasun Alwis,D/CS/23/1662,BSc (Hons) in Computer Science,2,2.9,3.02,3.04,3.65,1.88,2.83,2.99,3,3,2,5,4,Software Engineering,2,0,1,0,0,0,3,0,3,0,2,1,0,1,1,0,0,0,1,1,0,2,2,0,0
STU_1131,Shanika Karunaratne,D/IS/23/1131,BSc (Hons) in Information Systems,2,2.9,3.42,2.94,2.81,2.79,2.78,2.65,4,4,2,2,1,Data Science / AI,0,0,1,0,0,1,3,1,1,0,3,1,1,0,0,0,1,2,0,2,0,1,1,0,0
STU_1664,Sahan Rathnayake,D/SE/23/1664,BSc (Hons) in Software Engineering,2,2.09,1.81,2.39,2.02,2.47,2.09,1.77,2,2,3,4,5,UI/UX Design,2,1,0,0,3,1,2,2,2,0,0,1,1,1,1,0,1,0,0,0,2,1,1,1,1
STU_1100,Anushka Tharumila,D/SE/21/1100,BSc (Hons) in Software Engineering,4,1.69,2.28,2.1,1.19,1.0,1.0,2.6,3,1,3,2,4,UI/UX Design,2,0,2,0,1,1,0,0,1,1,0,1,1,0,3,0,2,1,2,0,2,1,0,2,1
STU_1373,Ishara Fonseka,D/IS/23/1373,BSc (Hons) in Information Systems,2,3.07,3.46,3.3,3.66,2.14,2.65,3.22,4,5,2,4,2,Data Science / AI,1,3,1,0,0,0,1,1,1,1,1,0,0,0,2,0,0,1,0,0,0,1,1,1,0
STU_1088,Minoli Senaratne,D/IS/23/1088,BSc (Hons) in Information Systems,2,2.95,2.34,3.55,2.84,3.47,3.36,2.12,3,3,1,3,2,Software Engineering,1,2,0,1,3,0,0,1,0,0,0,0,1,0,1,0,1,0,0,2,1,0,2,1,0
STU_1459,Dinithi Herath,D/SE/22/1459,BSc (Hons) in Software Engineering,3,3.18,2.45,2.81,3.91,3.07,3.11,3.72,4,1,3,2,3,UI/UX Design,0,0,1,0,2,0,1,2,2,0,0,0,1,0,0,3,0,1,1,0,2,3,2,3,1
STU_1331,Maleesha Senaratne,D/CS/22/1331,BSc (Hons) in Computer Science,3,3.24,2.93,2.33,3.92,4.0,3.59,2.67,3,2,3,4,3,Cloud / DevOps,1,1,0,1,2,3,0,1,2,0,0,1,3,0,1,3,3,2,2,3,2,2,1,0,0
STU_1215,Maleesha Cooray,D/IT/21/1215,BSc (Hons) in Information Technology,4,2.47,2.45,1.75,2.95,3.1,2.5,2.06,2,3,5,3,1,Cybersecurity,2,1,0,0,2,2,1,0,1,2,1,3,3,0,3,0,2,0,0,1,1,0,1,0,0
STU_1467,Sanduni Gamage,D/IT/22/1467,BSc (Hons) in Information Technology,3,2.98,3.14,2.96,2.99,3.0,3.02,2.74,3,1,2,4,3,Cloud / DevOps,1,0,1,3,3,1,0,1,1,0,0,3,1,1,0,1,2,1,3,2,0,1,1,0,0
STU_1122,Akila Fonseka,D/CS/24/1122,BSc (Hons) in Computer Science,1,2.91,2.08,2.6,3.51,3.11,3.66,2.5,3,2,4,3,1,Cybersecurity,2,0,1,1,2,0,0,2,2,0,0,1,1,2,0,1,1,0,1,1,0,2,0,0,0
STU_1615,Supun Silva,D/SE/21/1615,BSc (Hons) in Software Engineering,4,3.34,3.73,3.65,3.32,3.15,2.97,3.22,5,3,1,3,3,Software Engineering,2,2,1,1,2,0,1,1,2,0,1,1,0,0,2,0,0,0,0,2,1,1,2,2,1
STU_1021,Rashmi Herath,D/SE/23/1021,BSc (Hons) in Software Engineering,2,3.12,2.99,3.65,3.31,2.73,3.41,2.61,3,1,3,2,4,Software Engineering,1,1,1,3,2,0,2,0,2,1,0,0,1,1,1,0,0,1,3,1,0,0,0,3,0
STU_1701,Anushka Senaratne,D/CS/23/1701,BSc (Hons) in Computer Science,2,3.83,3.59,3.86,4.0,4.0,3.76,3.75,2,2,5,2,1,Cybersecurity,0,2,0,2,2,1,1,0,1,1,0,0,2,2,2,0,2,1,1,0,1,1,1,0,1
STU_1072,Ravindu Rajapaksha,D/CE/23/1072,BSc (Hons) in Computer Engineering,2,2.9,2.56,2.87,2.7,3.21,2.91,3.16,1,1,4,4,1,Cybersecurity,2,1,1,0,1,0,0,0,1,0,1,2,2,1,3,2,0,0,0,2,2,0,0,1,0
STU_1107,Aqeel Gamage,D/IT/22/1107,BSc (Hons) in Information Technology,3,3.17,2.72,2.19,3.79,4.0,3.29,3.04,3,1,5,3,2,Cloud / DevOps,2,0,2,1,3,0,2,0,0,0,0,0,0,2,2,3,1,1,0,2,2,0,0,0,0
STU_1271,Maleesha Alwis,D/CE/21/1271,BSc (Hons) in Computer Engineering,4,2.43,2.98,2.11,1.51,3.18,2.35,2.47,2,1,4,3,3,Cybersecurity,0,1,0,2,2,1,0,0,3,1,1,1,2,2,3,1,0,1,0,0,1,2,1,1,1
STU_1436,Kavindi Bandara,D/SE/22/1436,BSc (Hons) in Software Engineering,3,2.43,2.46,2.53,2.32,2.61,1.97,2.72,2,2,3,2,5,UI/UX Design,2,0,1,0,3,1,0,1,2,2,2,1,2,1,0,0,1,0,1,0,2,1,2,2,1
STU_1103,Vihan Alwis,D/IT/22/1103,BSc (Hons) in Information Technology,3,2.94,3.06,2.36,3.25,3.2,3.23,2.56,1,4,5,5,1,Cybersecurity,0,0,0,0,1,0,0,1,0,1,2,3,3,0,1,2,0,1,1,1,2,3,1,0,2
